序号,分类,越南语,中文
1,一、数字、量词与度量衡,Không,零
2,一、数字、量词与度量衡,Linh,零（百位后）
3,一、数字、量词与度量衡,Lẻ,零（大额尾数）
4,一、数字、量词与度量衡,Một,一
5,一、数字、量词与度量衡,Mốt,一（21…91末位）
6,一、数字、量词与度量衡,Hai,二
7,一、数字、量词与度量衡,Ba,三
8,一、数字、量词与度量衡,Bốn,四
9,一、数字、量词与度量衡,Tư,四 / 变音
10,一、数字、量词与度量衡,Năm,五
11,一、数字、量词与度量衡,Lăm,五（25…95末位）
12,一、数字、量词与度量衡,Sáu,六
13,一、数字、量词与度量衡,Bảy,七
14,一、数字、量词与度量衡,Tám,八
15,一、数字、量词与度量衡,Chín,九
16,一、数字、量词与度量衡,Mười,十
17,一、数字、量词与度量衡,Mươi,整十数
18,一、数字、量词与度量衡,Trăm,百
19,一、数字、量词与度量衡,Nghìn,千（北方俗语）
20,一、数字、量词与度量衡,Ngàn,千（南方俗语）
21,一、数字、量词与度量衡,Vạn,万
22,一、数字、量词与度量衡,Triệu,百万 / 兆
23,一、数字、量词与度量衡,Tỷ,十亿
24,一、数字、量词与度量衡,Chục,十个 / 十来个
25,一、数字、量词与度量衡,Tá,一打 / 12 个
26,一、数字、量词与度量衡,Đồng,盾 / 货币单位；铜
27,一、数字、量词与度量衡,Hào,角
28,一、数字、量词与度量衡,Xu,分
29,一、数字、量词与度量衡,Nhân dân tệ,人民币
30,一、数字、量词与度量衡,Đô la Mỹ,美元
31,一、数字、量词与度量衡,Ngoại tệ,外币
32,一、数字、量词与度量衡,Nửa,一半
33,一、数字、量词与度量衡,Rưỡi,一半 / 加半；半
34,一、数字、量词与度量衡,Một nửa,一半
35,一、数字、量词与度量衡,Phân nửa,一半
36,一、数字、量词与度量衡,Tất cả,一共
37,一、数字、量词与度量衡,Cộng lại,合计
38,一、数字、量词与度量衡,Tổng số,总数
39,一、数字、量词与度量衡,Tỷ lệ,比例
40,一、数字、量词与度量衡,Phần trăm,百分之
41,一、数字、量词与度量衡,Gấp đôi,翻倍
42,一、数字、量词与度量衡,Lần,次 / 回
43,一、数字、量词与度量衡,Cân,公斤 / 市斤
44,一、数字、量词与度量衡,Ký,公斤
45,一、数字、量词与度量衡,Gam,克
46,一、数字、量词与度量衡,Lạng,两 / 百克
47,一、数字、量词与度量衡,Tấn,吨
48,一、数字、量词与度量衡,Mét,米
49,一、数字、量词与度量衡,Cây số,公里
50,一、数字、量词与度量衡,Mét vuông,平方米
51,一、数字、量词与度量衡,Lít,升
52,一、数字、量词与度量衡,Cái,个 / 把
53,一、数字、量词与度量衡,Chiếc,件 / 辆
54,一、数字、量词与度量衡,Bộ,套
55,一、数字、量词与度量衡,Đôi,双 / 对
56,一、数字、量词与度量衡,Cặp,对 / 副
57,一、数字、量词与度量衡,Con,只 / 条；只（动物量词）
58,一、数字、量词与度量衡,Tờ,张
59,一、数字、量词与度量衡,Quyển / Cuốn,本 / 册
60,一、数字、量词与度量衡,Tấm,张 / 块 / 幅
61,一、数字、量词与度量衡,Bức,幅（画/相片量词）
62,一、数字、量词与度量衡,Quả / Trái,个（水果量词）
63,一、数字、量词与度量衡,Cây,棵 / 根 / 条
64,一、数字、量词与度量衡,Bông,朵
65,一、数字、量词与度量衡,Hộp,盒
66,一、数字、量词与度量衡,Thùng,箱
67,一、数字、量词与度量衡,Gói,包
68,一、数字、量词与度量衡,Bao,包 / 袋
69,一、数字、量词与度量衡,Túi,袋子
70,一、数字、量词与度量衡,Lô,批 / 批次
71,一、数字、量词与度量衡,Chuyến,趟 / 班次
72,一、数字、量词与度量衡,Giọt,滴
73,一、数字、量词与度量衡,Chút / Tý,一点儿
74,一、数字、量词与度量衡,Ít,少许；少
75,一、数字、量词与度量衡,Vài,几个
76,一、数字、量词与度量衡,Mấy,几个 / 多少
77,一、数字、量词与度量衡,Đoạn,段
78,一、数字、量词与度量衡,Miếng,块 / 片
79,一、数字、量词与度量衡,Cục,块 / 坨
80,一、数字、量词与度量衡,Lát,片 / 一会儿
81,一、数字、量词与度量衡,Bó,把 / 捆
82,一、数字、量词与度量衡,Cốc / Ly,杯
83,一、数字、量词与度量衡,Chai,瓶 / 瓶（量词）
84,一、数字、量词与度量衡,Lon,罐
85,一、数字、量词与度量衡,Bát / Chén,碗
86,一、数字、量词与度量衡,Đĩa,盘 / 碟；盘子；碟子
87,一、数字、量词与度量衡,Bữa,顿 / 餐
88,一、数字、量词与度量衡,Liều,剂 / 服药
89,一、数字、量词与度量衡,Mũi tiêm,针剂 / 注射
90,一、数字、量词与度量衡,Viên,粒 / 颗
91,一、数字、量词与度量衡,Cỡ,尺寸
92,一、数字、量词与度量衡,Khối,块 / 立方
93,一、数字、量词与度量衡,Băng,卷 / 盘
94,一、数字、量词与度量衡,Dãy,排 / 列
95,一、数字、量词与度量衡,Nhóm,组 / 群
96,一、数字、量词与度量衡,Loại,种类
97,一、数字、量词与度量衡,Số,数字 / 号码
98,一、数字、量词与度量衡,Số đếm,数数 / 计数
99,一、数字、量词与度量衡,Số thứ tự,序数
100,一、数字、量词与度量衡,Số điện thoại,电话号码
101,一、数字、量词与度量衡,Số nhà,门牌号
102,一、数字、量词与度量衡,Biển số xe,车牌号
103,一、数字、量词与度量衡,Số căn cước,身份证号
104,一、数字、量词与度量衡,Mã số,编号 / 代码
105,一、数字、量词与度量衡,Mã vạch,条形码
106,一、数字、量词与度量衡,Mã vùng,区号
107,一、数字、量词与度量衡,Chữ số,数字 / 数码
108,一、数字、量词与度量衡,Số chẵn,偶数
109,一、数字、量词与度量衡,Số lẻ,奇数
110,一、数字、量词与度量衡,Số âm,负数
111,一、数字、量词与度量衡,Số dương,正数
112,一、数字、量词与度量衡,Phân số,分数
113,一、数字、量词与度量衡,Số thập phân,小数
114,一、数字、量词与度量衡,Cộng,加
115,一、数字、量词与度量衡,Trừ,减
116,一、数字、量词与度量衡,Nhân,乘
117,一、数字、量词与度量衡,Chia,除
118,一、数字、量词与度量衡,Bằng,等于；凭 / 用
119,一、数字、量词与度量衡,Một phần,一部分
120,一、数字、量词与度量衡,Một phần tư,四分之一
121,一、数字、量词与度量衡,Hai phần ba,三分之二
122,一、数字、量词与度量衡,Điểm,分数 / 点
123,一、数字、量词与度量衡,Mỗi,每 / 每一；每
124,一、数字、量词与度量衡,Từng,各个 / 曾经
125,一、数字、量词与度量衡,Toàn bộ,全部
126,一、数字、量词与度量衡,Một mình,独自一人
127,一、数字、量词与度量衡,mấy chục,几十
128,一、数字、量词与度量衡,"5,6 chục",五六十
129,一、数字、量词与度量衡,Đầy,满
130,一、数字、量词与度量衡,Cân nặng,体重 / 重量
131,一、数字、量词与度量衡,Chiều dài,长度
132,一、数字、量词与度量衡,Chiều rộng,宽度
133,一、数字、量词与度量衡,Chiều cao,高度
134,一、数字、量词与度量衡,Độ sâu,深度
135,一、数字、量词与度量衡,Khối lượng,质量 / 重量
136,一、数字、量词与度量衡,Thể tích,体积
137,一、数字、量词与度量衡,Diện tích,面积
138,一、数字、量词与度量衡,Khoảng cách,距离
139,一、数字、量词与度量衡,Đơn vị,单位
140,一、数字、量词与度量衡,Căn,间 / 套（量词）
141,一、数字、量词与度量衡,Phiếu,票 / 单据（量词）
142,一、数字、量词与度量衡,Tờ giấy,纸张；一张纸
143,一、数字、量词与度量衡,Quyển sách,一本书
144,一、数字、量词与度量衡,Đôi giày,一双鞋
145,一、数字、量词与度量衡,Bộ quần áo,一套衣服
146,一、数字、量词与度量衡,Lần đầu,第一次
147,一、数字、量词与度量衡,Lần cuối,最后一次
148,一、数字、量词与度量衡,Nửa chừng,半途 / 中途
149,一、数字、量词与度量衡,mẹ,我 (第一人称)
150,一、数字、量词与度量衡,thiếu,少
151,一、数字、量词与度量衡,dư thừa,剩下 / 多余
152,一、数字、量词与度量衡,lần thứ tư,第四次
153,一、数字、量词与度量衡,bún miến hải sản,海鲜米线粉丝
154,一、数字、量词与度量衡,nghỉ dưỡng,度假
155,一、数字、量词与度量衡,thứ nhất,第一
156,一、数字、量词与度量衡,chế độ,制度
157,一、数字、量词与度量衡,thừa,多余
158,一、数字、量词与度量衡,giảm thiểu,减少
159,一、数字、量词与度量衡,nóng ơi là nóng,多么热啊
160,一、数字、量词与度量衡,gọi điện thoại,打电话
161,一、数字、量词与度量衡,cường độ,强度
162,一、数字、量词与度量衡,giảm xuống,减少
163,一、数字、量词与度量衡,một nử,一半
164,一、数字、量词与度量衡,ngoài ba mươi,三十多
165,一、数字、量词与度量衡,nhiều lần,多
166,一、数字、量词与度量衡,không mấy khi not,很少
167,一、数字、量词与度量衡,đứng đầu on,排名第一
168,一、数字、量词与度量衡,lần đầu tiên,第一次
169,一、数字、量词与度量衡,gần như n,几乎
170,一、数字、量词与度量衡,ki lô mé t,公里
171,一、数字、量词与度量衡,lớn đến mức,（程度）
172,一、数字、量词与度量衡,đa chiều,多边
173,一、数字、量词与度量衡,quý,季度
174,一、数字、量词与度量衡,thứ IV f,第四
175,一、数字、量词与度量衡,Michel,米其林指南
176,一、数字、量词与度量衡,được gắn sao Michelin Guide,被贴标米其林指南
177,一、数字、量词与度量衡,gần hết n,几乎所有
178,一、数字、量词与度量衡,t.+làm sao,多么 …
179,一、数字、量词与度量衡,mét vuông squ,平方米
180,一、数字、量词与度量衡,độ ẩm,湿度
181,一、数字、量词与度量衡,không thể thiếu,不不可缺少
182,一、数字、量词与度量衡,Ấn Độ,印度
183,一、数字、量词与度量衡,thứ 9,第九
184,一、数字、量词与度量衡,có đến,多达
185,一、数字、量词与度量衡,tăng chóng mặt,快速上升
186,一、数字、量词与度量衡,dưới mức,程度下
187,一、数字、量词与度量衡,số một,第一
188,二、时间、日期、月份与周期,Bây giờ,现在
189,二、时间、日期、月份与周期,Mấy giờ,几点
190,二、时间、日期、月份与周期,Giờ / Tiếng,小时 / 点钟
191,二、时间、日期、月份与周期,Phút,分钟
192,二、时间、日期、月份与周期,Giây,秒
193,二、时间、日期、月份与周期,Đồng hồ,钟表；手表
194,二、时间、日期、月份与周期,Kém,差
195,二、时间、日期、月份与周期,Đúng giờ,准时
196,二、时间、日期、月份与周期,Sớm,早
197,二、时间、日期、月份与周期,Muộn / Trễ,晚 / 迟到
198,二、时间、日期、月份与周期,Hôm nay,今天
199,二、时间、日期、月份与周期,Hôm qua,昨天
200,二、时间、日期、月份与周期,Ngày mai,明天
201,二、时间、日期、月份与周期,Hôm kia,前天
202,二、时间、日期、月份与周期,Ngày kia,后天
203,二、时间、日期、月份与周期,Hôm nọ,几天前
204,二、时间、日期、月份与周期,Năm nay,今年
205,二、时间、日期、月份与周期,Năm ngoái,去年
206,二、时间、日期、月份与周期,Sang năm / Năm sau,明年
207,二、时间、日期、月份与周期,Năm kia,后年
208,二、时间、日期、月份与周期,Tuần này,本周
209,二、时间、日期、月份与周期,Tuần trước,上周
210,二、时间、日期、月份与周期,Tuần sau,下周
211,二、时间、日期、月份与周期,Tháng này,这个月
212,二、时间、日期、月份与周期,Tháng trước,上个月
213,二、时间、日期、月份与周期,Tháng sau,下个月
214,二、时间、日期、月份与周期,Đầu năm,年初
215,二、时间、日期、月份与周期,Cuối năm,年底
216,二、时间、日期、月份与周期,Giữa năm,年中
217,二、时间、日期、月份与周期,Mồng / Mùng,初（农历初几）
218,二、时间、日期、月份与周期,Thứ hai,周一
219,二、时间、日期、月份与周期,Thứ ba,周二
220,二、时间、日期、月份与周期,Thứ tư,周三
221,二、时间、日期、月份与周期,Thứ năm,周四
222,二、时间、日期、月份与周期,Thứ sáu,周五
223,二、时间、日期、月份与周期,Thứ bảy,周六
224,二、时间、日期、月份与周期,Chủ nhật,周日
225,二、时间、日期、月份与周期,Cuối tuần,周末
226,二、时间、日期、月份与周期,Buổi sáng,早上
227,二、时间、日期、月份与周期,Buổi trưa,中午
228,二、时间、日期、月份与周期,Buổi chiều,下午
229,二、时间、日期、月份与周期,Buổi tối,晚上
230,二、时间、日期、月份与周期,Ban ngày,白天
231,二、时间、日期、月份与周期,Ban đêm,夜间
232,二、时间、日期、月份与周期,Nửa đêm,半夜
233,二、时间、日期、月份与周期,Rạng sáng,凌晨
234,二、时间、日期、月份与周期,Hoàng hôn,黄昏
235,二、时间、日期、月份与周期,Bình minh,黎明
236,二、时间、日期、月份与周期,Ngày nghỉ,休息日；假期
237,二、时间、日期、月份与周期,Ngày lễ,节日
238,二、时间、日期、月份与周期,Tết,春节 / 节
239,二、时间、日期、月份与周期,Tết Nguyên Đán,春节
240,二、时间、日期、月份与周期,Tết Trung Thu,中秋节（农历八月十五）
241,二、时间、日期、月份与周期,Quốc khánh,国庆节
242,二、时间、日期、月份与周期,Âm lịch,农历
243,二、时间、日期、月份与周期,Dương lịch,公历 / 阳历
244,二、时间、日期、月份与周期,Rằm,十五（农历） / 望日
245,二、时间、日期、月份与周期,Bao giờ,何时 / 什么时候
246,二、时间、日期、月份与周期,Khi nào,何时
247,二、时间、日期、月份与周期,Lúc nào,什么时候
248,二、时间、日期、月份与周期,Bao lâu,多久
249,二、时间、日期、月份与周期,Mấy ngày,几天
250,二、时间、日期、月份与周期,Thời gian,时间
251,二、时间、日期、月份与周期,Thời hạn,期限
252,二、时间、日期、月份与周期,Hạn sử dụng / HSD,保质期；使用期限
253,二、时间、日期、月份与周期,Ngày sản xuất / NSX,生产日期
254,二、时间、日期、月份与周期,Kỷ nguyên,纪元
255,二、时间、日期、月份与周期,Thế kỷ,世纪
256,二、时间、日期、月份与周期,Thập kỷ,十年；年代
257,二、时间、日期、月份与周期,Tương lai,未来
258,二、时间、日期、月份与周期,Hiện tại,现在
259,二、时间、日期、月份与周期,Quá khứ,过去
260,二、时间、日期、月份与周期,Trước mắt,目前
261,二、时间、日期、月份与周期,Tạm thời,暂时
262,二、时间、日期、月份与周期,Hằng ngày,每天；平时
263,二、时间、日期、月份与周期,Hàng tháng,每月
264,二、时间、日期、月份与周期,Hàng năm,每年
265,二、时间、日期、月份与周期,Thường xuyên,经常
266,二、时间、日期、月份与周期,Luôn luôn,总是
267,二、时间、日期、月份与周期,Mãi mãi,永远
268,二、时间、日期、月份与周期,Thỉnh thoảng,偶尔
269,二、时间、日期、月份与周期,Đôi khi,有时；有时候
270,二、时间、日期、月份与周期,Có lúc,有时；有时候
271,二、时间、日期、月份与周期,Hiếm khi,罕见
272,二、时间、日期、月份与周期,Chưa bao giờ,从来不
273,二、时间、日期、月份与周期,Ban đầu,最初
274,二、时间、日期、月份与周期,Sau đó,然后；之后
275,二、时间、日期、月份与周期,Cuối cùng,最后
276,二、时间、日期、月份与周期,Vừa nãy / Vừa mới,刚才
277,二、时间、日期、月份与周期,Lập tức,立即
278,二、时间、日期、月份与周期,Ngay lập tức,马上
279,二、时间、日期、月份与周期,Chút nữa / Lát nữa,一会儿
280,二、时间、日期、月份与周期,Gần đây,最近
281,二、时间、日期、月份与周期,Mùa,季节
282,二、时间、日期、月份与周期,Mùa xuân,春天
283,二、时间、日期、月份与周期,Mùa hè / Mùa hạ,夏天
284,二、时间、日期、月份与周期,Mùa thu,秋天
285,二、时间、日期、月份与周期,Mùa đông,冬天
286,二、时间、日期、月份与周期,Mùa mưa,雨季
287,二、时间、日期、月份与周期,Mùa khô,旱季
288,二、时间、日期、月份与周期,Năm nhuận,闰年
289,二、时间、日期、月份与周期,Định kỳ,定期
290,二、时间、日期、月份与周期,Không kỳ hạn,不定期；活期
291,二、时间、日期、月份与周期,Quá hạn,逾期；过期
292,二、时间、日期、月份与周期,Đến hạn,到期
293,二、时间、日期、月份与周期,Gia hạn,延期 / 续签；延期
294,二、时间、日期、月份与周期,Tuổi,岁；年龄
295,二、时间、日期、月份与周期,Lịch trình,行程
296,二、时间、日期、月份与周期,Kế hoạch,计划
297,二、时间、日期、月份与周期,Tuổi chuột,属鼠
298,二、时间、日期、月份与周期,Tuổi trâu,属牛
299,二、时间、日期、月份与周期,Tuổi hổ,属虎
300,二、时间、日期、月份与周期,Tuổi mèo,属猫 / 越南以猫代兔
301,二、时间、日期、月份与周期,Tuổi rồng,属龙
302,二、时间、日期、月份与周期,Tuổi rắn,属蛇
303,二、时间、日期、月份与周期,Tuổi ngựa,属马
304,二、时间、日期、月份与周期,Tuổi dê,属羊
305,二、时间、日期、月份与周期,Tuổi khỉ,属猴
306,二、时间、日期、月份与周期,Tuổi gà,属鸡
307,二、时间、日期、月份与周期,Thời điểm,时刻
308,二、时间、日期、月份与周期,Thời đại,时代
309,二、时间、日期、月份与周期,Thời kỳ,时期
310,二、时间、日期、月份与周期,Giai đoạn,阶段
311,二、时间、日期、月份与周期,Khoảnh khắc,瞬间
312,二、时间、日期、月份与周期,chúc tết,拜年；贺新年
313,二、时间、日期、月份与周期,năm cũ,旧年
314,二、时间、日期、月份与周期,ăn tết,过年；过节
315,二、时间、日期、月份与周期,ăn sinh nhật,过生日
316,二、时间、日期、月份与周期,ăn liên hoan,聚餐联欢
317,二、时间、日期、月份与周期,chúc mừng năm mới,新年快乐
318,二、时间、日期、月份与周期,cạn chén,干杯（碰杯）
319,二、时间、日期、月份与周期,quan tâm,关心
320,二、时间、日期、月份与周期,lý tưởng,理想
321,二、时间、日期、月份与周期,ở bên nhau,在一起
322,二、时间、日期、月份与周期,thói quen,习惯
323,二、时间、日期、月份与周期,sinh sống,生活（动词）
324,二、时间、日期、月份与周期,cuộc sống,生活（名词）
325,二、时间、日期、月份与周期,lần sau,下次
326,二、时间、日期、月份与周期,đầu tiên,首先；第一
327,二、时间、日期、月份与周期,thứ 2,第二
328,二、时间、日期、月份与周期,ngày kìa,大后天
329,二、时间、日期、月份与周期,đèn lồng,灯笼
330,二、时间、日期、月份与周期,quanh năm,常年
331,二、时间、日期、月份与周期,hằng năm,每年
332,二、时间、日期、月份与周期,Kỳ hạn,期限
333,二、时间、日期、月份与周期,Hạn chót,截止日期
334,二、时间、日期、月份与周期,Ngày làm việc,工作日
335,二、时间、日期、月份与周期,Ngày nghỉ lễ,节假日
336,二、时间、日期、月份与周期,Ngày tháng,日期
337,二、时间、日期、月份与周期,Ngày sinh,生日
338,二、时间、日期、月份与周期,Sinh nhật,生日
339,二、时间、日期、月份与周期,Ngày kỷ niệm,纪念日
340,二、时间、日期、月份与周期,Năm mới,新年
341,二、时间、日期、月份与周期,Đêm giao thừa,除夕夜
342,二、时间、日期、月份与周期,Giáng sinh,圣诞节
343,二、时间、日期、月份与周期,Lịch,日历 / 日程
344,二、时间、日期、月份与周期,Lịch sử,历史
345,二、时间、日期、月份与周期,Lịch treo tường,挂历
346,二、时间、日期、月份与周期,Lịch để bàn,台历
347,二、时间、日期、月份与周期,Lịch làm việc,工作日历
348,二、时间、日期、月份与周期,Đầu tháng,月初
349,二、时间、日期、月份与周期,Giữa tháng,月中
350,二、时间、日期、月份与周期,Cuối tháng,月底
351,二、时间、日期、月份与周期,Nửa tháng,半个月
352,二、时间、日期、月份与周期,Đầu tuần,周初
353,二、时间、日期、月份与周期,Giữa tuần,周中
354,二、时间、日期、月份与周期,Tuần lễ,一星期
355,二、时间、日期、月份与周期,Kỳ nghỉ,假期
356,二、时间、日期、月份与周期,Kỳ nghỉ hè,暑假
357,二、时间、日期、月份与周期,Kỳ nghỉ đông,寒假
358,二、时间、日期、月份与周期,Năm học,学年
359,二、时间、日期、月份与周期,Học kỳ,学期
360,二、时间、日期、月份与周期,Bốn mùa,四季
361,二、时间、日期、月份与周期,Đúng lúc,正好 / 及时
362,二、时间、日期、月份与周期,Kịp,来得及
363,二、时间、日期、月份与周期,Đúng giờ hẹn,准时赴约
364,二、时间、日期、月份与周期,Hẹn trước,预约
365,二、时间、日期、月份与周期,Hẹn giờ,约时间
366,二、时间、日期、月份与周期,Giờ làm việc,上班时间
367,二、时间、日期、月份与周期,Giờ nghỉ,休息时间
368,二、时间、日期、月份与周期,Giờ cao điểm,高峰期
369,二、时间、日期、月份与周期,Giờ thấp điểm,低谷期
370,二、时间、日期、月份与周期,Đồng hồ báo thức,闹钟
371,二、时间、日期、月份与周期,Về sau,以后
372,二、时间、日期、月份与周期,Về trước,以前
373,二、时间、日期、月份与周期,Từ nay,从今以后
374,二、时间、日期、月份与周期,Từ trước đến nay,至今
375,二、时间、日期、月份与周期,Suốt ngày,整天
376,二、时间、日期、月份与周期,Suốt đêm,整夜
377,二、时间、日期、月份与周期,Cả ngày,一整天
378,二、时间、日期、月份与周期,Hằng giờ,每小时
379,二、时间、日期、月份与周期,Sáng sớm,清早
380,二、时间、日期、月份与周期,Chiều tối,傍晚
381,二、时间、日期、月份与周期,Nửa buổi,半天
382,二、时间、日期、月份与周期,ngày,天；日子
383,二、时间、日期、月份与周期,đêm,夜晚
384,二、时间、日期、月份与周期,rồi,了；已经（表完成）
385,二、时间、日期、月份与周期,chưa,还没；尚未
386,二、时间、日期、月份与周期,trước,先；之前
387,二、时间、日期、月份与周期,sau,后；之后
388,二、时间、日期、月份与周期,sắp,即将；快要
389,二、时间、日期、月份与周期,hàng tuần,每周
390,二、时间、日期、月份与周期,ngay,立刻；马上
391,二、时间、日期、月份与周期,trong suốt,在整个…期间
392,二、时间、日期、月份与周期,sau khi,在…之后
393,二、时间、日期、月份与周期,trước khi,在…之前
394,二、时间、日期、月份与周期,cho đến,直到
395,二、时间、日期、月份与周期,kể từ,从…起
396,二、时间、日期、月份与周期,từ khi,自从
397,二、时间、日期、月份与周期,khi,当…时
398,二、时间、日期、月份与周期,năm sau,明年
399,二、时间、日期、月份与周期,trời đẹp,天气很美
400,二、时间、日期、月份与周期,nem,春卷 (越南春卷)
401,二、时间、日期、月份与周期,ngày Tết,春节
402,二、时间、日期、月份与周期,lễ hội mùa xuân,春节
403,二、时间、日期、月份与周期,mùa mưa rainy seas,雨季
404,二、时间、日期、月份与周期,tháng,月
405,二、时间、日期、月份与周期,mùa hè,夏天
406,二、时间、日期、月份与周期,mất thời gi,耗时间
407,二、时间、日期、月份与周期,với,关联词，连接后面的成分
408,二、时间、日期、月份与周期,Thiên An,天安
409,二、时间、日期、月份与周期,lúc đó,那时
410,二、时间、日期、月份与周期,quanh,周边
411,二、时间、日期、月份与周期,hàng ngày,每天
412,二、时间、日期、月份与周期,tiết trời,天气
413,二、时间、日期、月份与周期,nem hải sản seafood,海鲜春卷
414,二、时间、日期、月份与周期,tiếng,小时
415,二、时间、日期、月份与周期,chiều nay,今天下午
416,二、时间、日期、月份与周期,ngày càng ...,日益 ...
417,二、时间、日期、月份与周期,cấp học,教育阶段
418,二、时间、日期、月份与周期,đồng thời,同时
419,二、时间、日期、月份与周期,trong suốt ba năm,整整三年内
420,二、时间、日期、月份与周期,bậc tiểu học elementary,小学阶段
421,二、时间、日期、月份与周期,bậc trung học middle,中学阶段
422,二、时间、日期、月份与周期,hiện nay,现在
423,二、时间、日期、月份与周期,tuần,星期/周
424,二、时间、日期、月份与周期,dịp,期间 / 机会
425,二、时间、日期、月份与周期,lễ,节假日
426,二、时间、日期、月份与周期,nghỉ Tết Lunar New,放寒假 / 有春节假期
427,二、时间、日期、月份与周期,thứ sá u,星期五
428,二、时间、日期、月份与周期,tối mai,明晚
429,二、时间、日期、月份与周期,chợ Đồng Xuân Dong Xu,同春市场
430,二、时间、日期、月份与周期,từ k,从什么时候
431,二、时间、日期、月份与周期,hàng nghìn năm trước thousands,数千年前
432,二、时间、日期、月份与周期,trong năm,年内
433,二、时间、日期、月份与周期,năm trước,去年
434,二、时间、日期、月份与周期,Tiệc trăng máu Blood Mo,血月宴(电影名称)
435,二、时间、日期、月份与周期,Rap Lotte Lotte Cinema,乐天影城
436,二、时间、日期、月份与周期,Rạ p Tháng Tám T,八月影城
437,二、时间、日期、月份与周期,trưởng thành,成年
438,二、时间、日期、月份与周期,đồ dùng hàng ngày,日常用品
439,二、时间、日期、月份与周期,một tuần,一周
440,二、时间、日期、月份与周期,đế n giờ,到现在
441,二、时间、日期、月份与周期,những ngày cuối tuần,周末
442,二、时间、日期、月份与周期,dip hè,夏天
443,二、时间、日期、月份与周期,đã từng,曾经
444,二、时间、日期、月份与周期,động T,天宫洞
445,二、时间、日期、月份与周期,ngày nay,现在
446,二、时间、日期、月份与周期,từng là,曾经
447,二、时间、日期、月份与周期,về đê m,夜晚
448,二、时间、日期、月份与周期,vă n hó,日本文化
449,二、时间、日期、月份与周期,tháng Giêng,元月
450,二、时间、日期、月份与周期,tháng Chạp,腊月
451,二、时间、日期、月份与周期,chơi tết,过年
452,二、时间、日期、月份与周期,những ngày đầu năm mới,新年的头几天
453,二、时间、日期、月份与周期,cả tuần,整周
454,二、时间、日期、月份与周期,khi ngồi,做 的 时 候
455,二、时间、日期、月份与周期,tên tuổi,名字和年龄
456,二、时间、日期、月份与周期,thời gi,飞行时长
457,二、时间、日期、月份与周期,mỗi ngày,每天
458,二、时间、日期、月份与周期,một buổi sáng sớm,一个早晨
459,二、时间、日期、月份与周期,quanh đây,周围
460,二、时间、日期、月份与周期,sáng hôm sau,第二天早上
461,二、时间、日期、月份与周期,thế là từ đó,从那时起
462,二、时间、日期、月份与周期,được chia thành,被分为
463,二、时间、日期、月份与周期,thứ ngày,星期
464,二、时间、日期、月份与周期,rải rác,分散
465,二、时间、日期、月份与周期,các ngày tới,未来几天
466,二、时间、日期、月份与周期,lúc,时候
467,二、时间、日期、月份与周期,giới trẻ,年轻人
468,二、时间、日期、月份与周期,người trẻ,年轻人
469,二、时间、日期、月份与周期,Chùa Thầy,天福寺（民间称为师寺）
470,二、时间、日期、月份与周期,hàng ngàn năm,数千年
471,二、时间、日期、月份与周期,thời,大学时光
472,二、时间、日期、月份与周期,thiên tai,天灾 / 自然灾害
473,二、时间、日期、月份与周期,một năm mới,新的一年
474,二、时间、日期、月份与周期,mừng tuổi,给压岁钱
475,二、时间、日期、月份与周期,được sống lâu,长命百岁
476,二、时间、日期、月份与周期,nhóm tuổi age gro,年龄段
477,三、人称代词、家庭亲属与职场社交,Tôi,我 / 通用
478,三、人称代词、家庭亲属与职场社交,Mình,我 / 亲密
479,三、人称代词、家庭亲属与职场社交,Tớ,我 / 平辈
480,三、人称代词、家庭亲属与职场社交,Anh,哥 / 您 / 我
481,三、人称代词、家庭亲属与职场社交,Chị,姐 / 您 / 我
482,三、人称代词、家庭亲属与职场社交,Em,弟妹 / 我
483,三、人称代词、家庭亲属与职场社交,Ông,爷爷 / 先生
484,三、人称代词、家庭亲属与职场社交,Bà,奶奶 / 女士
485,三、人称代词、家庭亲属与职场社交,Chú,叔
486,三、人称代词、家庭亲属与职场社交,Cô,姑 / 阿姨
487,三、人称代词、家庭亲属与职场社交,Bác,伯父 / 大伯
488,三、人称代词、家庭亲属与职场社交,Cậu,舅舅
489,三、人称代词、家庭亲属与职场社交,Mợ,舅母
490,三、人称代词、家庭亲属与职场社交,Dì,阿姨
491,三、人称代词、家庭亲属与职场社交,Dượng,姨父
492,三、人称代词、家庭亲属与职场社交,Thím,婶婶
493,三、人称代词、家庭亲属与职场社交,Ông nội,爷爷
494,三、人称代词、家庭亲属与职场社交,Bà nội,奶奶
495,三、人称代词、家庭亲属与职场社交,Ông ngoại,外公
496,三、人称代词、家庭亲属与职场社交,Bà ngoại,外婆
497,三、人称代词、家庭亲属与职场社交,Bố / Ba,爸爸
498,三、人称代词、家庭亲属与职场社交,Mẹ / Má,妈妈
499,三、人称代词、家庭亲属与职场社交,Anh trai,亲哥哥
500,三、人称代词、家庭亲属与职场社交,Chị gái,亲姐姐
501,三、人称代词、家庭亲属与职场社交,Em trai,亲弟弟
502,三、人称代词、家庭亲属与职场社交,Em gái,亲妹妹
503,三、人称代词、家庭亲属与职场社交,Vợ,妻子
504,三、人称代词、家庭亲属与职场社交,Chồng,丈夫
505,三、人称代词、家庭亲属与职场社交,Vợ chồng,夫妻
506,三、人称代词、家庭亲属与职场社交,Con trai,儿子
507,三、人称代词、家庭亲属与职场社交,Con gái,女儿
508,三、人称代词、家庭亲属与职场社交,Cháu,孙子 / 侄子
509,三、人称代词、家庭亲属与职场社交,Anh rể,姐夫
510,三、人称代词、家庭亲属与职场社交,Chị dâu,嫂子
511,三、人称代词、家庭亲属与职场社交,Con rể,女婿
512,三、人称代词、家庭亲属与职场社交,Con dâu,儿媳
513,三、人称代词、家庭亲属与职场社交,Bác trai,伯父
514,三、人称代词、家庭亲属与职场社交,Bác gái,伯母
515,三、人称代词、家庭亲属与职场社交,Anh chị em,兄弟姐妹
516,三、人称代词、家庭亲属与职场社交,Gia đình,家庭
517,三、人称代词、家庭亲属与职场社交,Người nhà,家人
518,三、人称代词、家庭亲属与职场社交,Họ hàng,亲戚
519,三、人称代词、家庭亲属与职场社交,Người yêu,恋人
520,三、人称代词、家庭亲属与职场社交,Bạn / Bạn bè,朋友
521,三、人称代词、家庭亲属与职场社交,Bạn thân,好朋友 / 闺蜜；好朋友
522,三、人称代词、家庭亲属与职场社交,Bạn học,同学
523,三、人称代词、家庭亲属与职场社交,Đồng nghiệp,同事
524,三、人称代词、家庭亲属与职场社交,Hàng xóm,邻居
525,三、人称代词、家庭亲属与职场社交,Thầy giáo,男老师
526,三、人称代词、家庭亲属与职场社交,Cô giáo,女老师
527,三、人称代词、家庭亲属与职场社交,Giáo sư,教授
528,三、人称代词、家庭亲属与职场社交,Sinh viên,大学生
529,三、人称代词、家庭亲属与职场社交,Học sinh,学生
530,三、人称代词、家庭亲属与职场社交,Lớp trưởng,班长
531,三、人称代词、家庭亲属与职场社交,Du học sinh,留学生
532,三、人称代词、家庭亲属与职场社交,Giám đốc,经理
533,三、人称代词、家庭亲属与职场社交,Phó giám đốc,副经理
534,三、人称代词、家庭亲属与职场社交,Tổng giám đốc,总经理
535,三、人称代词、家庭亲属与职场社交,Sếp,上司 / 老板
536,三、人称代词、家庭亲属与职场社交,Ông chủ,老板
537,三、人称代词、家庭亲属与职场社交,Bà chủ,老板娘
538,三、人称代词、家庭亲属与职场社交,Nhân viên,员工；人员
539,三、人称代词、家庭亲属与职场社交,Phiên dịch,翻译（职业/动作）
540,三、人称代词、家庭亲属与职场社交,Thư ký,秘书
541,三、人称代词、家庭亲属与职场社交,Kế toán,会计
542,三、人称代词、家庭亲属与职场社交,Cán bộ,干部
543,三、人称代词、家庭亲属与职场社交,Công an,公安 / 警察
544,三、人称代词、家庭亲属与职场社交,Cảnh sát,警察
545,三、人称代词、家庭亲属与职场社交,Biên phòng,边防
546,三、人称代词、家庭亲属与职场社交,Nhân viên hải quan,海关人员
547,三、人称代词、家庭亲属与职场社交,Công nhân,工人
548,三、人称代词、家庭亲属与职场社交,Tài xế,司机
549,三、人称代词、家庭亲属与职场社交,Ca sĩ,歌手
550,三、人称代词、家庭亲属与职场社交,Diễn viên,演员
551,三、人称代词、家庭亲属与职场社交,Cầu thủ,球员
552,三、人称代词、家庭亲属与职场社交,Thương nhân,商人
553,三、人称代词、家庭亲属与职场社交,Người lao động,劳动者
554,三、人称代词、家庭亲属与职场社交,Người nước ngoài,外国人
555,三、人称代词、家庭亲属与职场社交,Khách,客人
556,三、人称代词、家庭亲属与职场社交,Khách hàng,客户
557,三、人称代词、家庭亲属与职场社交,Toàn thể,全体；全员
558,三、人称代词、家庭亲属与职场社交,Chúng tôi,我们 / 不含对方
559,三、人称代词、家庭亲属与职场社交,Chúng ta,咱们 / 含对方
560,三、人称代词、家庭亲属与职场社交,Bọn họ,他们
561,三、人称代词、家庭亲属与职场社交,Bọn mình,我们
562,三、人称代词、家庭亲属与职场社交,Họ,姓 / 他们
563,三、人称代词、家庭亲属与职场社交,Tên,名
564,三、人称代词、家庭亲属与职场社交,Quê hương,家乡
565,三、人称代词、家庭亲属与职场社交,Dân tộc,民族
566,三、人称代词、家庭亲属与职场社交,Dân tộc Kinh,京族
567,三、人称代词、家庭亲属与职场社交,Dân tộc Hán,汉族
568,三、人称代词、家庭亲属与职场社交,Nam,男；南
569,三、人称代词、家庭亲属与职场社交,Nữ,女
570,三、人称代词、家庭亲属与职场社交,Con một,独生子女
571,三、人称代词、家庭亲属与职场社交,Con cái,子女
572,三、人称代词、家庭亲属与职场社交,Bố mẹ,父母
573,三、人称代词、家庭亲属与职场社交,Ông bà,祖父母
574,三、人称代词、家庭亲属与职场社交,Cháu trai,孙子 / 侄子
575,三、人称代词、家庭亲属与职场社交,Cháu gái,孙女 / 侄女
576,三、人称代词、家庭亲属与职场社交,Người thân,亲人
577,三、人称代词、家庭亲属与职场社交,Người quen,熟人
578,三、人称代词、家庭亲属与职场社交,Người lạ,陌生人
579,三、人称代词、家庭亲属与职场社交,Bạn trai,男朋友 / 男性朋友
580,三、人称代词、家庭亲属与职场社交,Bạn gái,女朋友 / 女性朋友
581,三、人称代词、家庭亲属与职场社交,Bạn cùng phòng,室友
582,三、人称代词、家庭亲属与职场社交,Đồng hương,同乡
583,三、人称代词、家庭亲属与职场社交,Đồng bào,同胞
584,三、人称代词、家庭亲属与职场社交,Khách du lịch,游客
585,三、人称代词、家庭亲属与职场社交,Người lớn,大人 / 成年人
586,三、人称代词、家庭亲属与职场社交,Trẻ em,小孩
587,三、人称代词、家庭亲属与职场社交,Trẻ con,小孩；儿童
588,三、人称代词、家庭亲属与职场社交,Thanh niên,青年
589,三、人称代词、家庭亲属与职场社交,Người già,老人
590,三、人称代词、家庭亲属与职场社交,Phụ nữ,妇女
591,三、人称代词、家庭亲属与职场社交,Đàn ông,男人
592,三、人称代词、家庭亲属与职场社交,Đàn bà,女人；妇女（通俗）
593,三、人称代词、家庭亲属与职场社交,Con nuôi,养子 / 义子
594,三、人称代词、家庭亲属与职场社交,Bố nuôi,养父
595,三、人称代词、家庭亲属与职场社交,Mẹ nuôi,养母
596,三、人称代词、家庭亲属与职场社交,Hôn nhân,婚姻
597,三、人称代词、家庭亲属与职场社交,Đám cưới,婚礼
598,三、人称代词、家庭亲属与职场社交,Đám ma,葬礼
599,三、人称代词、家庭亲属与职场社交,Nhà trai,男方
600,三、人称代词、家庭亲属与职场社交,Nhà gái,女方
601,三、人称代词、家庭亲属与职场社交,Họ tên,姓名
602,三、人称代词、家庭亲属与职场社交,Biệt danh,绰号 / 昵称
603,三、人称代词、家庭亲属与职场社交,Quê quán,籍贯
604,三、人称代词、家庭亲属与职场社交,Nơi sinh,出生地
605,三、人称代词、家庭亲属与职场社交,Quốc tịch,国籍
606,三、人称代词、家庭亲属与职场社交,Dân tộc thiểu số,少数民族
607,三、人称代词、家庭亲属与职场社交,Chủ tịch,主席 / 董事长
608,三、人称代词、家庭亲属与职场社交,Phó chủ tịch,副主席 / 副董事长
609,三、人称代词、家庭亲属与职场社交,Trưởng phòng,部门主管
610,三、人称代词、家庭亲属与职场社交,Phó phòng,副主管
611,三、人称代词、家庭亲属与职场社交,Kỹ sư,工程师
612,三、人称代词、家庭亲属与职场社交,Kiến trúc sư,建筑师
613,三、人称代词、家庭亲属与职场社交,Luật sư,律师
614,三、人称代词、家庭亲属与职场社交,Nha sĩ,牙医
615,三、人称代词、家庭亲属与职场社交,Thợ may,裁缝
616,三、人称代词、家庭亲属与职场社交,Thợ điện,电工
617,三、人称代词、家庭亲属与职场社交,Thợ nước,水管工
618,三、人称代词、家庭亲属与职场社交,Thợ hàn,焊工
619,三、人称代词、家庭亲属与职场社交,Thợ xây,建筑工人；泥瓦匠
620,三、人称代词、家庭亲属与职场社交,Lái xe,司机 / 开车
621,三、人称代词、家庭亲属与职场社交,Hướng dẫn viên,导游
622,三、人称代词、家庭亲属与职场社交,Phi công,飞行员
623,三、人称代词、家庭亲属与职场社交,học tập,学习
624,三、人称代词、家庭亲属与职场社交,nỗ lực,努力
625,三、人称代词、家庭亲属与职场社交,trình độ,水平
626,三、人称代词、家庭亲属与职场社交,lên lớp,上课
627,三、人称代词、家庭亲属与职场社交,trốn học,逃课
628,三、人称代词、家庭亲属与职场社交,đồng phục học sinh,校服
629,三、人称代词、家庭亲属与职场社交,nghe giảng,听讲
630,三、人称代词、家庭亲属与职场社交,trường học,学校
631,三、人称代词、家庭亲属与职场社交,tan học,放学
632,三、人称代词、家庭亲属与职场社交,sách giáo khoa,教科书
633,三、人称代词、家庭亲属与职场社交,lớp học,教室
634,三、人称代词、家庭亲属与职场社交,mỉm cười,微笑
635,三、人称代词、家庭亲属与职场社交,đứng dậy,站起来
636,三、人称代词、家庭亲属与职场社交,tiểu học (cấp một),小学
637,三、人称代词、家庭亲属与职场社交,trung học (cấp hai),初中；中学
638,三、人称代词、家庭亲属与职场社交,cao trung (cấp ba),高中
639,三、人称代词、家庭亲属与职场社交,tốt nghiệp,毕业
640,三、人称代词、家庭亲属与职场社交,nhân tài,人才
641,三、人称代词、家庭亲属与职场社交,khoa học,科学
642,三、人称代词、家庭亲属与职场社交,đào tạo,培训
643,三、人称代词、家庭亲属与职场社交,ngôn ngữ,语言
644,三、人称代词、家庭亲属与职场社交,lưu loát,流利
645,三、人称代词、家庭亲属与职场社交,an khang,安康
646,三、人称代词、家庭亲属与职场社交,thịnh vượng,兴隆；繁荣
647,三、人称代词、家庭亲属与职场社交,hữu nghị,友谊
648,三、人称代词、家庭亲属与职场社交,công dân,公民
649,三、人称代词、家庭亲属与职场社交,xã hội,社会
650,三、人称代词、家庭亲属与职场社交,tân hôn,新婚
651,三、人称代词、家庭亲属与职场社交,gia trưởng,家长
652,三、人称代词、家庭亲属与职场社交,mừng thọ,祝寿
653,三、人称代词、家庭亲属与职场社交,tuyên truyền,宣传
654,三、人称代词、家庭亲属与职场社交,công bằng,公平；公正
655,三、人称代词、家庭亲属与职场社交,bất an,不安
656,三、人称代词、家庭亲属与职场社交,phá hoại,破坏
657,三、人称代词、家庭亲属与职场社交,chí hướng,志向
658,三、人称代词、家庭亲属与职场社交,thắng lợi,胜利
659,三、人称代词、家庭亲属与职场社交,quan điểm,观点
660,三、人称代词、家庭亲属与职场社交,phát biểu,发表
661,三、人称代词、家庭亲属与职场社交,vị trí,位置
662,三、人称代词、家庭亲属与职场社交,lao động,劳动
663,三、人称代词、家庭亲属与职场社交,làm thuê,打工
664,三、人称代词、家庭亲属与职场社交,xúc tiến,促进
665,三、人称代词、家庭亲属与职场社交,lưu thông,流通
666,三、人称代词、家庭亲属与职场社交,hướng dẫn du lịch,导游
667,三、人称代词、家庭亲属与职场社交,nhà nước,国家
668,三、人称代词、家庭亲属与职场社交,dân số,人口
669,三、人称代词、家庭亲属与职场社交,cục công an,公安局
670,三、人称代词、家庭亲属与职场社交,nghề,职业
671,三、人称代词、家庭亲属与职场社交,tiền sinh lễ,彩礼；聘礼
672,三、人称代词、家庭亲属与职场社交,chính xác,正确；准确
673,三、人称代词、家庭亲属与职场社交,hoàn mỹ,完美
674,三、人称代词、家庭亲属与职场社交,ngoại ngữ,外语
675,三、人称代词、家庭亲属与职场社交,từ mới,生词
676,三、人称代词、家庭亲属与职场社交,ngữ pháp,语法
677,三、人称代词、家庭亲属与职场社交,nói to,大声说
678,三、人称代词、家庭亲属与职场社交,ôn,温习；复习
679,三、人称代词、家庭亲属与职场社交,giảng,讲；讲授
680,三、人称代词、家庭亲属与职场社交,khá,不错；较好
681,三、人称代词、家庭亲属与职场社交,có khi,有时候
682,三、人称代词、家庭亲属与职场社交,có khả năng,有可能
683,三、人称代词、家庭亲属与职场社交,lương thiện,善良
684,三、人称代词、家庭亲属与职场社交,cần cù,勤劳
685,三、人称代词、家庭亲属与职场社交,vất vả,辛苦
686,三、人称代词、家庭亲属与职场社交,dễ thương,可爱；讨人喜欢
687,三、人称代词、家庭亲属与职场社交,thành tích,成绩
688,三、人称代词、家庭亲属与职场社交,tươi,新鲜
689,三、人称代词、家庭亲属与职场社交,đoàn tụ,团聚
690,三、人称代词、家庭亲属与职场社交,phơi,晒
691,三、人称代词、家庭亲属与职场社交,ngoài,除了
692,三、人称代词、家庭亲属与职场社交,vừa nãy,刚才
693,三、人称代词、家庭亲属与职场社交,làm như vậy,这样做
694,三、人称代词、家庭亲属与职场社交,phụ trách,负责
695,三、人称代词、家庭亲属与职场社交,nhân viên công vụ,公务员
696,三、人称代词、家庭亲属与职场社交,về hưu,退休
697,三、人称代词、家庭亲属与职场社交,nghỉ hè,放暑假
698,三、人称代词、家庭亲属与职场社交,tiền thưởng,奖金
699,三、人称代词、家庭亲属与职场社交,quán cơm nhỏ,小饭馆
700,三、人称代词、家庭亲属与职场社交,nghỉ trưa,午休
701,三、人称代词、家庭亲属与职场社交,2 thứ tiếng,两种语言
702,三、人称代词、家庭亲属与职场社交,giỏi,优秀；厉害
703,三、人称代词、家庭亲属与职场社交,chuyên ngành,专业
704,三、人称代词、家庭亲属与职场社交,môn,门；科目
705,三、人称代词、家庭亲属与职场社交,tiết,节；课时
706,三、人称代词、家庭亲属与职场社交,thư viện,图书馆
707,三、人称代词、家庭亲属与职场社交,tự học,自学
708,三、人称代词、家庭亲属与职场社交,nâng cao,提高
709,三、人称代词、家庭亲属与职场社交,viết nhật ký,写日记
710,三、人称代词、家庭亲属与职场社交,thứ,种；种类
711,三、人称代词、家庭亲属与职场社交,bảng,表格
712,三、人称代词、家庭亲属与职场社交,lý lịch cá nhân,个人简历
713,三、人称代词、家庭亲属与职场社交,tụ tập,聚集
714,三、人称代词、家庭亲属与职场社交,trong đó,其中
715,三、人称代词、家庭亲属与职场社交,chăm sóc lẫn nhau,互相照顾
716,三、人称代词、家庭亲属与职场社交,giúp đỡ lẫn nhau,互相帮助
717,三、人称代词、家庭亲属与职场社交,ruột,亲的（血亲）
718,三、人称代词、家庭亲属与职场社交,Thuyền trưởng,船长
719,三、人称代词、家庭亲属与职场社交,Đầu bếp,厨师
720,三、人称代词、家庭亲属与职场社交,Phục vụ,服务员
721,三、人称代词、家庭亲属与职场社交,Lễ tân,前台接待
722,三、人称代词、家庭亲属与职场社交,Bảo vệ,保安；保护
723,三、人称代词、家庭亲属与职场社交,Quản lý,经理 / 管理
724,三、人称代词、家庭亲属与职场社交,Chủ cửa hàng,店主
725,三、人称代词、家庭亲属与职场社交,Người bán hàng,售货员
726,三、人称代词、家庭亲属与职场社交,Học viên,学员；培训生
727,三、人称代词、家庭亲属与职场社交,Giảng viên,讲师
728,三、人称代词、家庭亲属与职场社交,Trợ giảng,助教
729,三、人称代词、家庭亲属与职场社交,Hiệu trưởng,校长
730,三、人称代词、家庭亲属与职场社交,Đồng đội,队友
731,三、人称代词、家庭亲属与职场社交,Đối thủ,对手
732,三、人称代词、家庭亲属与职场社交,Người Việt Nam,越南人
733,三、人称代词、家庭亲属与职场社交,chào,打招呼；问好
734,三、人称代词、家庭亲属与职场社交,cưới,结婚（娶/嫁）
735,三、人称代词、家庭亲属与职场社交,ly dị,离婚
736,三、人称代词、家庭亲属与职场社交,người,人
737,三、人称代词、家庭亲属与职场社交,đứa trẻ,小孩
738,三、人称代词、家庭亲属与职场社交,cô gái,女孩
739,三、人称代词、家庭亲属与职场社交,cha,爸爸；父亲
740,三、人称代词、家庭亲属与职场社交,độc thân,单身的
741,三、人称代词、家庭亲属与职场社交,kết hôn,已婚的；结婚
742,三、人称代词、家庭亲属与职场社交,anh ấy,他（男性）
743,三、人称代词、家庭亲属与职场社交,cô ấy,她（女性）
744,三、人称代词、家庭亲属与职场社交,ngài,您（尊称）
745,三、人称代词、家庭亲属与职场社交,các bạn,你们
746,三、人称代词、家庭亲属与职场社交,của tôi,我的
747,三、人称代词、家庭亲属与职场社交,của bạn,你的
748,三、人称代词、家庭亲属与职场社交,của chúng tôi,我们的
749,三、人称代词、家庭亲属与职场社交,của các bạn,你们的
750,三、人称代词、家庭亲属与职场社交,ta,我（自称）；咱们
751,三、人称代词、家庭亲属与职场社交,ai,谁
752,三、人称代词、家庭亲属与职场社交,gì,什么
753,三、人称代词、家庭亲属与职场社交,nào,哪个
754,三、人称代词、家庭亲属与职场社交,đâu,哪里
755,三、人称代词、家庭亲属与职场社交,tự mình,自己
756,三、人称代词、家庭亲属与职场社交,người ta,人家；人们
757,三、人称代词、家庭亲属与职场社交,mọi thứ,一切；所有东西
758,三、人称代词、家庭亲属与职场社交,không ai,没有人
759,三、人称代词、家庭亲属与职场社交,cái gì đó,某个东西
760,三、人称代词、家庭亲属与职场社交,nhà em,我家
761,三、人称代词、家庭亲属与职场社交,nhà anh,你家
762,三、人称代词、家庭亲属与职场社交,sinh,出生
763,三、人称代词、家庭亲属与职场社交,em dâu,弟媳
764,三、人称代词、家庭亲属与职场社交,người đàn ông,男人
765,三、人称代词、家庭亲属与职场社交,người phụ nữ,女人
766,三、人称代词、家庭亲属与职场社交,đây,这儿
767,三、人称代词、家庭亲属与职场社交,thầy,(男) 老师
768,三、人称代词、家庭亲属与职场社交,không sao,没事儿
769,三、人称代词、家庭亲属与职场社交,người Việt,越南人
770,三、人称代词、家庭亲属与职场社交,người đi chợ quê,去乡村市场的人们
771,三、人称代词、家庭亲属与职场社交,cùng,共同
772,三、人称代词、家庭亲属与职场社交,chị ấy,她
773,三、人称代词、家庭亲属与职场社交,những người yêu nhau,恋人
774,三、人称代词、家庭亲属与职场社交,vitamin,维生素
775,三、人称代词、家庭亲属与职场社交,thí sinh,考生
776,三、人称代词、家庭亲属与职场社交,quê hương củ,你的家乡
777,三、人称代词、家庭亲属与职场社交,tên cô ấy,她的名字
778,三、人称代词、家庭亲属与职场社交,người Trung Quốc C,中国人
779,三、人称代词、家庭亲属与职场社交,quen nhau familiar,认识
780,三、人称代词、家庭亲属与职场社交,cô c,女儿
781,三、人称代词、家庭亲属与职场社交,bố mẹ vợ tôi,岳父岳母
782,三、人称代词、家庭亲属与职场社交,sinh sống live,生活
783,三、人称代词、家庭亲属与职场社交,ở đây,这里/这儿
784,三、人称代词、家庭亲属与职场社交,người vợ,妻子
785,三、人称代词、家庭亲属与职场社交,người nước nào,哪国人
786,三、人称代词、家庭亲属与职场社交,hai vợ chồng,夫妻俩
787,三、人称代词、家庭亲属与职场社交,nhân cách,人格
788,三、人称代词、家庭亲属与职场社交,giáo viên,老师
789,三、人称代词、家庭亲属与职场社交,ông Đỗ Đức,杜德维先生
790,三、人称代词、家庭亲属与职场社交,anh em tôi,我们兄妹
791,三、人称代词、家庭亲属与职场社交,bố tôi,我爸爸
792,三、人称代词、家庭亲属与职场社交,em ruột sibling,亲妹妹
793,三、人称代词、家庭亲属与职场社交,lớp của tớ,我的班
794,三、人称代词、家庭亲属与职场社交,lớp của anh,你的班
795,三、人称代词、家庭亲属与职场社交,lớp của họ,他们的班
796,三、人称代词、家庭亲属与职场社交,người nghe điện thoại,接听人
797,三、人称代词、家庭亲属与职场社交,người đà,男人
798,三、人称代词、家庭亲属与职场社交,mì nh,我
799,三、人称代词、家庭亲属与职场社交,một chút,一会儿
800,三、人称代词、家庭亲属与职场社交,tranh vẽ picture,画儿
801,三、人称代词、家庭亲属与职场社交,anh ấy he,他
802,三、人称代词、家庭亲属与职场社交,ông gi à,老爷
803,三、人称代词、家庭亲属与职场社交,ông áy,他
804,三、人称代词、家庭亲属与职场社交,cuộc sống của ông già,老爷的生活
805,三、人称代词、家庭亲属与职场社交,nhận thức/,认识
806,三、人称代词、家庭亲属与职场社交,nguồn nhân lực hu,人力资源
807,三、人称代词、家庭亲属与职场社交,người Việt N,越南人
808,三、人称代词、家庭亲属与职场社交,ông Lâm,林先生
809,三、人称代词、家庭亲属与职场社交,bà Huệ Ms. Hue,惠女士
810,三、人称代词、家庭亲属与职场社交,người c,女儿
811,三、人称代词、家庭亲属与职场社交,tự tay,亲手
812,三、人称代词、家庭亲属与职场社交,con gái đầu lòng,大女儿
813,三、人称代词、家庭亲属与职场社交,gia đình ông Lâm,林先生家
814,三、人称代词、家庭亲属与职场社交,chàng trai,小伙子 /男人
815,三、人称代词、家庭亲属与职场社交,ý trung nhân,喜欢的人 / 意中人
816,三、人称代词、家庭亲属与职场社交,cả nhà ông Lâm,林先生全家
817,三、人称代词、家庭亲属与职场社交,công viên hoang dã Sa,野生公园
818,三、人称代词、家庭亲属与职场社交,trang trại nuôi hàu oyster,生蚝养殖场
819,三、人称代词、家庭亲属与职场社交,người Hoa,华人
820,三、人称代词、家庭亲属与职场社交,tất cả mọi người,所有人
821,三、人称代词、家庭亲属与职场社交,gia chủ,主人
822,三、人称代词、家庭亲属与职场社交,mưu sinh,谋生
823,三、人称代词、家庭亲属与职场社交,người dân lao động nghèo,贫困劳动人民
824,三、人称代词、家庭亲属与职场社交,bà cô ấy,她的奶奶/外婆
825,三、人称代词、家庭亲属与职场社交,chị Hoài,怀姐
826,三、人称代词、家庭亲属与职场社交,bạ nb è,朋友
827,三、人称代词、家庭亲属与职场社交,nhà bạn,朋友家
828,三、人称代词、家庭亲属与职场社交,anh trai Ngọc Ngoc' s brother,啊玉的哥哥
829,三、人称代词、家庭亲属与职场社交,người đi lễ chùa,去拜寺庙的人们
830,三、人称代词、家庭亲属与职场社交,cuộc sống vật chất material/ physical l,物质生活
831,三、人称代词、家庭亲属与职场社交,cá nhân,个人
832,三、人称代词、家庭亲属与职场社交,đền chùa cổ kính quaint,古老寺庙
833,三、人称代词、家庭亲属与职场社交,người ấy,那个人
834,三、人称代词、家庭亲属与职场社交,cùng mình,和我
835,三、人称代词、家庭亲属与职场社交,riêng biệt,独立 / 个人
836,三、人称代词、家庭亲属与职场社交,cô gà má i,( 一 只 ) 母 鸡
837,三、人称代词、家庭亲属与职场社交,một lúc,一会儿
838,三、人称代词、家庭亲属与职场社交,đầu t(四)i,我的头
839,三、人称代词、家庭亲属与职场社交,còn tôi,而我
840,三、人称代词、家庭亲属与职场社交,nhú lên,长出
841,三、人称代词、家庭亲属与职场社交,theo bạn,你认为
842,三、人称代词、家庭亲属与职场社交,tì nh bạn,友情
843,三、人称代词、家庭亲属与职场社交,em trai younger brother,弟弟
844,三、人称代词、家庭亲属与职场社交,người Hà Lan,荷兰人
845,三、人称代词、家庭亲属与职场社交,người Ba Lan,波兰人
846,三、人称代词、家庭亲属与职场社交,phô mai,奶酪
847,三、人称代词、家庭亲属与职场社交,hẹn hò,约会
848,三、人称代词、家庭亲属与职场社交,nhà thơ,诗人
849,三、人称代词、家庭亲属与职场社交,sự đồng ý,同意
850,三、人称代词、家庭亲属与职场社交,lễ đón dâu,亲迎礼仪
851,三、人称代词、家庭亲属与职场社交,người yêu cũ ex - boy,前女友 / 前男友
852,三、人称代词、家庭亲属与职场社交,thầy bói,算命先生
853,三、人称代词、家庭亲属与职场社交,sinh vật,生物
854,三、人称代词、家庭亲属与职场社交,sản sinh,产生
855,三、人称代词、家庭亲属与职场社交,sinh con,生孩子
856,三、人称代词、家庭亲属与职场社交,Tràng An,长安
857,三、人称代词、家庭亲属与职场社交,người dân đị,本地人
858,三、人称代词、家庭亲属与职场社交,cuộc sống củ,生活
859,三、人称代词、家庭亲属与职场社交,sinh trưởng,生长
860,三、人称代词、家庭亲属与职场社交,sự sống,生命
861,三、人称代词、家庭亲属与职场社交,đáng báo động,使人惊恐
862,三、人称代词、家庭亲属与职场社交,tái tạo,再生
863,三、人称代词、家庭亲属与职场社交,thân thiện với môi trường,对环境友好
864,三、人称代词、家庭亲属与职场社交,con cháu,子孙
865,三、人称代词、家庭亲属与职场社交,trẻ nhỏ c,小孩儿
866,三、人称代词、家庭亲属与职场社交,người nhận,收信人
867,四、餐饮美食、水果特产与生活调料,Ăn cơm,吃饭
868,四、餐饮美食、水果特产与生活调料,Ăn sáng,吃早餐
869,四、餐饮美食、水果特产与生活调料,Ăn trưa,吃午餐
870,四、餐饮美食、水果特产与生活调料,Ăn tối,吃晚餐
871,四、餐饮美食、水果特产与生活调料,Ăn đêm,吃宵夜
872,四、餐饮美食、水果特产与生活调料,Ăn chay,吃素
873,四、餐饮美食、水果特产与生活调料,Ăn mặn,吃荤（吃咸）
874,四、餐饮美食、水果特产与生活调料,Uống nước,喝水
875,四、餐饮美食、水果特产与生活调料,Uống trà / chè,喝茶（南越）
876,四、餐饮美食、水果特产与生活调料,Uống bia,喝啤酒
877,四、餐饮美食、水果特产与生活调料,Uống rượu,喝酒
878,四、餐饮美食、水果特产与生活调料,Uống sữa,喝牛奶
879,四、餐饮美食、水果特产与生活调料,Cà phê,咖啡
880,四、餐饮美食、水果特产与生活调料,Cà phê phin,滴漏咖啡
881,四、餐饮美食、水果特产与生活调料,Cà phê sữa đá,冰炼乳咖啡
882,四、餐饮美食、水果特产与生活调料,Cà phê đen,黑咖啡
883,四、餐饮美食、水果特产与生活调料,Cà phê Americano,美式咖啡
884,四、餐饮美食、水果特产与生活调料,Trà sữa,奶茶
885,四、餐饮美食、水果特产与生活调料,Sinh tố,果汁冰沙
886,四、餐饮美食、水果特产与生活调料,Sinh tố xoài,芒果汁
887,四、餐饮美食、水果特产与生活调料,Nước ngọt,软饮料
888,四、餐饮美食、水果特产与生活调料,Cô ca / Coca,可乐
889,四、餐饮美食、水果特产与生活调料,Bò húc,红牛
890,四、餐饮美食、水果特产与生活调料,Nước dừa,椰子汁
891,四、餐饮美食、水果特产与生活调料,Nước mía,甘蔗汁
892,四、餐饮美食、水果特产与生活调料,Thêm đường,加糖
893,四、餐饮美食、水果特产与生活调料,Ít đường,少糖
894,四、餐饮美食、水果特产与生活调料,Ít đá,少冰
895,四、餐饮美食、水果特产与生活调料,Không đá,去冰
896,四、餐饮美食、水果特产与生活调料,Hoa quả / Trái cây,水果
897,四、餐饮美食、水果特产与生活调料,Sầu riêng,榴莲
898,四、餐饮美食、水果特产与生活调料,Hạt điều,腰果
899,四、餐饮美食、水果特产与生活调料,Xoài,芒果
900,四、餐饮美食、水果特产与生活调料,Táo,苹果
901,四、餐饮美食、水果特产与生活调料,Cam,橙子
902,四、餐饮美食、水果特产与生活调料,Dưa hấu,西瓜
903,四、餐饮美食、水果特产与生活调料,Na,释迦果
904,四、餐饮美食、水果特产与生活调料,Thanh long,火龙果
905,四、餐饮美食、水果特产与生活调料,Chuối,香蕉
906,四、餐饮美食、水果特产与生活调料,Mít,菠萝蜜
907,四、餐饮美食、水果特产与生活调料,Bơ,牛油果
908,四、餐饮美食、水果特产与生活调料,Dừa,椰子
909,四、餐饮美食、水果特产与生活调料,Đu đủ,木瓜
910,四、餐饮美食、水果特产与生活调料,Nho,葡萄
911,四、餐饮美食、水果特产与生活调料,Ổi,番石榴
912,四、餐饮美食、水果特产与生活调料,Hải sản / Thuỷ sản,海鲜 / 水产
913,四、餐饮美食、水果特产与生活调料,Cá,鱼
914,四、餐饮美食、水果特产与生活调料,Tôm,虾
915,四、餐饮美食、水果特产与生活调料,Ghẹ,花蟹
916,四、餐饮美食、水果特产与生活调料,Cua,螃蟹
917,四、餐饮美食、水果特产与生活调料,Mực,鱿鱼
918,四、餐饮美食、水果特产与生活调料,Bề bề / Tôm tít,皮皮虾
919,四、餐饮美食、水果特产与生活调料,Cá rô phi,罗非鱼
920,四、餐饮美食、水果特产与生活调料,Cá thu,鲭鱼 / 马鲛鱼
921,四、餐饮美食、水果特产与生活调料,Cá hồi,三文鱼
922,四、餐饮美食、水果特产与生活调料,Ốc,螺
923,四、餐饮美食、水果特产与生活调料,Trứng gà,鸡蛋
924,四、餐饮美食、水果特产与生活调料,Trứng vịt lộn,毛鸭蛋（鸭仔蛋）
925,四、餐饮美食、水果特产与生活调料,Thịt lợn / Thịt heo,猪肉
926,四、餐饮美食、水果特产与生活调料,Thịt bò,牛肉
927,四、餐饮美食、水果特产与生活调料,Thịt gà,鸡肉
928,四、餐饮美食、水果特产与生活调料,Thịt ba chỉ,五花肉
929,四、餐饮美食、水果特产与生活调料,Chân giò,猪蹄
930,四、餐饮美食、水果特产与生活调料,Rau,蔬菜
931,四、餐饮美食、水果特产与生活调料,Rau muống,空心菜
932,四、餐饮美食、水果特产与生活调料,Rau cải,青菜（叶菜）
933,四、餐饮美食、水果特产与生活调料,Rau sống,生食蔬菜（蘸/包着吃）
934,四、餐饮美食、水果特产与生活调料,Rau mùi,香菜
935,四、餐饮美食、水果特产与生活调料,Dưa chuột,黄瓜
936,四、餐饮美食、水果特产与生活调料,Đậu phụ,豆腐
937,四、餐饮美食、水果特产与生活调料,Đậu phụ thối,臭豆腐
938,四、餐饮美食、水果特产与生活调料,Phở,河粉
939,四、餐饮美食、水果特产与生活调料,Phở bò,牛肉粉
940,四、餐饮美食、水果特产与生活调料,Bún,米粉
941,四、餐饮美食、水果特产与生活调料,Bún chả,烤肉米粉
942,四、餐饮美食、水果特产与生活调料,Phở cuốn,卷粉
943,四、餐饮美食、水果特产与生活调料,Bánh mì,法棍面包
944,四、餐饮美食、水果特产与生活调料,Bánh bao,包子
945,四、餐饮美食、水果特产与生活调料,Bánh chưng,粽子
946,四、餐饮美食、水果特产与生活调料,Nem rán,炸春卷
947,四、餐饮美食、水果特产与生活调料,Khâu nhục,扣肉
948,四、餐饮美食、水果特产与生活调料,Tiết canh,血旺（生血冻）
949,四、餐饮美食、水果特产与生活调料,Bánh kẹo,饼干糖果
950,四、餐饮美食、水果特产与生活调料,Bánh sầu riêng ngàn lớp,千层榴莲饼
951,四、餐饮美食、水果特产与生活调料,Kem,冰淇淋
952,四、餐饮美食、水果特产与生活调料,Kem xôi,糯米冰淇淋
953,四、餐饮美食、水果特产与生活调料,Chè,糖水；甜汤（北越）
954,四、餐饮美食、水果特产与生活调料,Xôi,糯米饭
955,四、餐饮美食、水果特产与生活调料,Cháo,粥
956,四、餐饮美食、水果特产与生活调料,Canh,汤
957,四、餐饮美食、水果特产与生活调料,Canh chua,酸汤
958,四、餐饮美食、水果特产与生活调料,Lẩu,火锅
959,四、餐饮美食、水果特产与生活调料,Đồ luộc,煮/白灼食物
960,四、餐饮美食、水果特产与生活调料,Đồ chiên rán,煎炸食物
961,四、餐饮美食、水果特产与生活调料,Cá rán,煎鱼
962,四、餐饮美食、水果特产与生活调料,Tôm luộc,白灼虾
963,四、餐饮美食、水果特产与生活调料,Mực xào,炒鱿鱼
964,四、餐饮美食、水果特产与生活调料,Nước mắm,鱼露
965,四、餐饮美食、水果特产与生活调料,Xì dầu,酱油
966,四、餐饮美食、水果特产与生活调料,Dầu hàu,蚝油
967,四、餐饮美食、水果特产与生活调料,Mắm tôm,虾酱
968,四、餐饮美食、水果特产与生活调料,Tương ớt,辣椒酱
969,四、餐饮美食、水果特产与生活调料,Dầu ăn,食用油
970,四、餐饮美食、水果特产与生活调料,Muối,盐
971,四、餐饮美食、水果特产与生活调料,Đường,糖；路
972,四、餐饮美食、水果特产与生活调料,Mì chính / Bột ngọt,味精
973,四、餐饮美食、水果特产与生活调料,Ớt,辣椒
974,四、餐饮美食、水果特产与生活调料,Chanh,柠檬
975,四、餐饮美食、水果特产与生活调料,Giấm,醋
976,四、餐饮美食、水果特产与生活调料,Gia vị,调味料；调料
977,四、餐饮美食、水果特产与生活调料,Chua,酸
978,四、餐饮美食、水果特产与生活调料,Cay,辣
979,四、餐饮美食、水果特产与生活调料,Mặn,咸
980,四、餐饮美食、水果特产与生活调料,Ngọt,甜
981,四、餐饮美食、水果特产与生活调料,Đắng,苦
982,四、餐饮美食、水果特产与生活调料,Nhạt,淡；浅
983,四、餐饮美食、水果特产与生活调料,Thanh đạm,清淡
984,四、餐饮美食、水果特产与生活调料,Ngon,好吃
985,四、餐饮美食、水果特产与生活调料,Thơm,香
986,四、餐饮美食、水果特产与生活调料,Thối,臭
987,四、餐饮美食、水果特产与生活调料,Đói,饿
988,四、餐饮美食、水果特产与生活调料,No,饱
989,四、餐饮美食、水果特产与生活调料,Khát,渴
990,四、餐饮美食、水果特产与生活调料,Thèm,馋 / 渴望
991,四、餐饮美食、水果特产与生活调料,Món ăn,菜肴
992,四、餐饮美食、水果特产与生活调料,Thực đơn / Menu,菜单
993,四、餐饮美食、水果特产与生活调料,Đũa,筷子
994,四、餐饮美食、水果特产与生活调料,Thìa / Muỗng,勺子
995,四、餐饮美食、水果特产与生活调料,Nhà hàng,餐厅
996,四、餐饮美食、水果特产与生活调料,Quán ăn,饭馆
997,四、餐饮美食、水果特产与生活调料,Bánh cuốn,卷筒粉（越南肠粉）
998,四、餐饮美食、水果特产与生活调料,Bánh xèo,越南煎饼
999,四、餐饮美食、水果特产与生活调料,Gỏi cuốn,越南鲜春卷（米纸卷）
1000,四、餐饮美食、水果特产与生活调料,Bún riêu,蟹酱米线
1001,四、餐饮美食、水果特产与生活调料,Bún bò Huế,顺化牛肉粉
1002,四、餐饮美食、水果特产与生活调料,Hủ tiếu,粿条汤粉
1003,四、餐饮美食、水果特产与生活调料,Mì Quảng,广南面
1004,四、餐饮美食、水果特产与生活调料,Xôi xéo,绿豆糯米饭
1005,四、餐饮美食、水果特产与生活调料,Cháo lòng,猪杂粥
1006,四、餐饮美食、水果特产与生活调料,Cà phê trứng,鸡蛋咖啡
1007,四、餐饮美食、水果特产与生活调料,Trà đá,冰茶
1008,四、餐饮美食、水果特产与生活调料,Bia hơi,生啤
1009,四、餐饮美食、水果特产与生活调料,Kem dừa,椰子冰淇淋
1010,四、餐饮美食、水果特产与生活调料,Bánh quy,饼干
1011,四、餐饮美食、水果特产与生活调料,Mứt,果脯 / 蜜饯
1012,四、餐饮美食、水果特产与生活调料,Hạt dưa,瓜子
1013,四、餐饮美食、水果特产与生活调料,Chó,狗
1014,四、餐饮美食、水果特产与生活调料,Mèo,猫
1015,四、餐饮美食、水果特产与生活调料,Gà,鸡
1016,四、餐饮美食、水果特产与生活调料,Vịt,鸭；鸭子
1017,四、餐饮美食、水果特产与生活调料,Ngỗng,鹅
1018,四、餐饮美食、水果特产与生活调料,Lợn / Heo,猪
1019,四、餐饮美食、水果特产与生活调料,Trâu,水牛
1020,四、餐饮美食、水果特产与生活调料,Bò,牛；爬行
1021,四、餐饮美食、水果特产与生活调料,Dê,山羊；羊
1022,四、餐饮美食、水果特产与生活调料,Cừu,绵羊
1023,四、餐饮美食、水果特产与生活调料,Ngựa,马
1024,四、餐饮美食、水果特产与生活调料,Thỏ,兔子
1025,四、餐饮美食、水果特产与生活调料,Khỉ,猴子；猴
1026,四、餐饮美食、水果特产与生活调料,Voi,大象
1027,四、餐饮美食、水果特产与生活调料,Hổ,老虎；虎
1028,四、餐饮美食、水果特产与生活调料,Gấu,熊
1029,四、餐饮美食、水果特产与生活调料,Chim,鸟
1030,四、餐饮美食、水果特产与生活调料,Rắn,蛇
1031,四、餐饮美食、水果特产与生活调料,Cá vàng,金鱼
1032,四、餐饮美食、水果特产与生活调料,Ốc sên,蜗牛
1033,四、餐饮美食、水果特产与生活调料,Sò huyết,血蛤
1034,四、餐饮美食、水果特产与生活调料,Nghêu,蛤蜊
1035,四、餐饮美食、水果特产与生活调料,Tôm hùm,龙虾
1036,四、餐饮美食、水果特产与生活调料,Cua biển,海蟹
1037,四、餐饮美食、水果特产与生活调料,Ếch,青蛙 / 田鸡
1038,四、餐饮美食、水果特产与生活调料,Rau cải xanh,青菜
1039,四、餐饮美食、水果特产与生活调料,Bí đỏ,南瓜
1040,四、餐饮美食、水果特产与生活调料,Bí xanh,冬瓜
1041,四、餐饮美食、水果特产与生活调料,Mướp,丝瓜
1042,四、餐饮美食、水果特产与生活调料,Cà chua,番茄
1043,四、餐饮美食、水果特产与生活调料,Khoai tây,土豆
1044,四、餐饮美食、水果特产与生活调料,Khoai lang,红薯
1045,四、餐饮美食、水果特产与生活调料,Ngô / Bắp,玉米
1046,四、餐饮美食、水果特产与生活调料,Nấm,蘑菇
1047,四、餐饮美食、水果特产与生活调料,Đậu xanh,绿豆
1048,四、餐饮美食、水果特产与生活调料,Gừng,姜
1049,四、餐饮美食、水果特产与生活调料,Tỏi,蒜
1050,四、餐饮美食、水果特产与生活调料,Hành tây,洋葱
1051,四、餐饮美食、水果特产与生活调料,Sả,香茅
1052,四、餐饮美食、水果特产与生活调料,Tiêu,胡椒（粉）
1053,四、餐饮美食、水果特产与生活调料,Mè,芝麻（南方） / 白芝麻
1054,四、餐饮美食、水果特产与生活调料,Bột mì,面粉
1055,四、餐饮美食、水果特产与生活调料,Bột gạo,米粉（干粉）
1056,四、餐饮美食、水果特产与生活调料,Nước tương,酱油
1057,四、餐饮美食、水果特产与生活调料,Mayonnaise,蛋黄酱
1058,四、餐饮美食、水果特产与生活调料,Sữa đặc,炼乳
1059,四、餐饮美食、水果特产与生活调料,Sữa chua,酸奶
1060,四、餐饮美食、水果特产与生活调料,Bơ đậu phộng,花生酱
1061,四、餐饮美食、水果特产与生活调料,Cơm rang / Cơm chiên,炒饭
1062,四、餐饮美食、水果特产与生活调料,Bánh tét,圆筒粽
1063,四、餐饮美食、水果特产与生活调料,Bánh giò,肉粽
1064,四、餐饮美食、水果特产与生活调料,Bánh bèo,蒸米糕
1065,四、餐饮美食、水果特产与生活调料,Bánh bột lọc,木薯虾饺
1066,四、餐饮美食、水果特产与生活调料,Bánh dày,糍粑
1067,四、餐饮美食、水果特产与生活调料,Bánh mì kẹp thịt,法棍肉夹
1068,四、餐饮美食、水果特产与生活调料,Bánh ngọt,甜点 / 蛋糕
1069,四、餐饮美食、水果特产与生活调料,Bánh gatô,蛋糕
1070,四、餐饮美食、水果特产与生活调料,Bánh sinh nhật,生日蛋糕
1071,四、餐饮美食、水果特产与生活调料,Chả giò,炸春卷（南方）
1072,四、餐饮美食、水果特产与生活调料,Giò lụa,越南火腿肠
1073,四、餐饮美食、水果特产与生活调料,Giò chả,肉肠
1074,四、餐饮美食、水果特产与生活调料,Nem chua,酸肉卷
1075,四、餐饮美食、水果特产与生活调料,Xúc xích,香肠
1076,四、餐饮美食、水果特产与生活调料,Thịt xông khói,培根
1077,四、餐饮美食、水果特产与生活调料,Bò bít tết,牛排
1078,四、餐饮美食、水果特产与生活调料,Gà rán,炸鸡
1079,四、餐饮美食、水果特产与生活调料,Gà quay,烤鸡
1080,四、餐饮美食、水果特产与生活调料,Vịt quay,烤鸭
1081,四、餐饮美食、水果特产与生活调料,Lợn quay,烤猪
1082,四、餐饮美食、水果特产与生活调料,Bò kho,红烧牛肉
1083,四、餐饮美食、水果特产与生活调料,Gà kho,红烧鸡
1084,四、餐饮美食、水果特产与生活调料,Cá kho tộ,砂锅焖鱼
1085,四、餐饮美食、水果特产与生活调料,Tôm chiên,炸虾
1086,四、餐饮美食、水果特产与生活调料,Mực nướng,烤鱿鱼
1087,四、餐饮美食、水果特产与生活调料,Ốc luộc,煮螺
1088,四、餐饮美食、水果特产与生活调料,Sò điệp,扇贝
1089,四、餐饮美食、水果特产与生活调料,Hàu,生蚝
1090,四、餐饮美食、水果特产与生活调料,Cá ngừ,金枪鱼
1091,四、餐饮美食、水果特产与生活调料,Cá basa,巴沙鱼
1092,四、餐饮美食、水果特产与生活调料,Cá lóc,黑鱼 / 生鱼
1093,四、餐饮美食、水果特产与生活调料,Tôm sú,黑虎虾
1094,四、餐饮美食、水果特产与生活调料,Tôm càng xanh,罗氏沼虾
1095,四、餐饮美食、水果特产与生活调料,Cua gạch,膏蟹
1096,四、餐饮美食、水果特产与生活调料,Rau cải thảo,大白菜
1097,四、餐饮美食、水果特产与生活调料,Bắp cải,卷心菜
1098,四、餐饮美食、水果特产与生活调料,Xà lách,生菜 / 莴苣
1099,四、餐饮美食、水果特产与生活调料,Rau thơm,香草
1100,四、餐饮美食、水果特产与生活调料,Húng quế,罗勒
1101,四、餐饮美食、水果特产与生活调料,Giá đỗ,豆芽
1102,四、餐饮美食、水果特产与生活调料,Măng,竹笋
1103,四、餐饮美食、水果特产与生活调料,khẩu vị,口味
1104,四、餐饮美食、水果特产与生活调料,chấm,蘸
1105,四、餐饮美食、水果特产与生活调料,gắp,夹（用筷子）
1106,四、餐饮美食、水果特产与生活调料,rồng,龙
1107,四、餐饮美食、水果特产与生活调料,động vật,动物
1108,四、餐饮美食、水果特产与生活调料,thực vật,植物
1109,四、餐饮美食、水果特产与生活调料,cơm chân giò,猪脚饭
1110,四、餐饮美食、水果特产与生活调料,ghen,吃醋；嫉妒
1111,四、餐饮美食、水果特产与生活调料,mì,面条
1112,四、餐饮美食、水果特产与生活调料,luộc,白灼；煮
1113,四、餐饮美食、水果特产与生活调料,ăn thử,试吃
1114,四、餐饮美食、水果特产与生活调料,lạc,花生
1115,四、餐饮美食、水果特产与生活调料,cách nấu nướng,烹饪方法
1116,四、餐饮美食、水果特产与生活调料,đồ ăn,食物
1117,四、餐饮美食、水果特产与生活调料,sống,生的；活
1118,四、餐饮美食、水果特产与生活调料,dầu mỡ,油脂
1119,四、餐饮美食、水果特产与生活调料,Nấm rơm,草菇
1120,四、餐饮美食、水果特产与生活调料,Nấm hương,香菇
1121,四、餐饮美食、水果特产与生活调料,Đậu Hà Lan,豌豆
1122,四、餐饮美食、水果特产与生活调料,Đậu đũa,豇豆
1123,四、餐饮美食、水果特产与生活调料,Đậu cô ve,四季豆
1124,四、餐饮美食、水果特产与生活调料,Cà tím,茄子
1125,四、餐饮美食、水果特产与生活调料,Ớt chuông,甜椒
1126,四、餐饮美食、水果特产与生活调料,Hẹ,韭菜
1127,四、餐饮美食、水果特产与生活调料,Hành lá,小葱
1128,四、餐饮美食、水果特产与生活调料,Nghệ,姜黄
1129,四、餐饮美食、水果特产与生活调料,Lá chanh,柠檬叶
1130,四、餐饮美食、水果特产与生活调料,Bột nêm,调味粉
1131,四、餐饮美食、水果特产与生活调料,Bột chiên giòn,炸粉
1132,四、餐饮美食、水果特产与生活调料,Tiêu đen,黑胡椒
1133,四、餐饮美食、水果特产与生活调料,Ớt bột,辣椒粉
1134,四、餐饮美食、水果特产与生活调料,Mù tạt,芥末
1135,四、餐饮美食、水果特产与生活调料,Sữa tươi,鲜奶
1136,四、餐饮美食、水果特产与生活调料,Sữa đậu nành,豆浆
1137,四、餐饮美食、水果特产与生活调料,Nước cam,橙汁
1138,四、餐饮美食、水果特产与生活调料,Nước chanh,柠檬水
1139,四、餐饮美食、水果特产与生活调料,Sinh tố bơ,牛油果奶昔
1140,四、餐饮美食、水果特产与生活调料,Trà xanh,绿茶
1141,四、餐饮美食、水果特产与生活调料,Trà đen,红茶
1142,四、餐饮美食、水果特产与生活调料,Trà gừng,姜茶
1143,四、餐饮美食、水果特产与生活调料,Ca cao,可可
1144,四、餐饮美食、水果特产与生活调料,Rượu vang,葡萄酒
1145,四、餐饮美食、水果特产与生活调料,Rượu trắng,白酒
1146,四、餐饮美食、水果特产与生活调料,Bia chai,瓶装啤酒
1147,四、餐饮美食、水果特产与生活调料,Bia lon,罐装啤酒
1148,四、餐饮美食、水果特产与生活调料,Đồ uống,饮料
1149,四、餐饮美食、水果特产与生活调料,Món khai vị,开胃菜
1150,四、餐饮美食、水果特产与生活调料,Món chính,主菜
1151,四、餐饮美食、水果特产与生活调料,Món tráng miệng,甜点
1152,四、餐饮美食、水果特产与生活调料,Bữa ăn,一餐；用餐；饭
1153,四、餐饮美食、水果特产与生活调料,Ăn vặt,吃零食
1154,四、餐饮美食、水果特产与生活调料,Đồ ăn vặt,零食
1155,四、餐饮美食、水果特产与生活调料,Kẹo,糖果
1156,四、餐饮美食、水果特产与生活调料,Sô cô la,巧克力
1157,四、餐饮美食、水果特产与生活调料,Bim bim,膨化零食（薯片等）
1158,四、餐饮美食、水果特产与生活调料,Khoai tây chiên,薯条
1159,四、餐饮美食、水果特产与生活调料,ăn,吃
1160,四、餐饮美食、水果特产与生活调料,uống,喝
1161,四、餐饮美食、水果特产与生活调料,nướng,烤；烘焙
1162,四、餐饮美食、水果特产与生活调料,chiên,炸；煎
1163,四、餐饮美食、水果特产与生活调料,nếm,尝
1164,四、餐饮美食、水果特产与生活调料,thịt,肉
1165,四、餐饮美食、水果特产与生活调料,trà,茶
1166,四、餐饮美食、水果特产与生活调料,sữa,奶；牛奶
1167,四、餐饮美食、水果特产与生活调料,trứng,蛋
1168,四、餐饮美食、水果特产与生活调料,tình huống,况味/境地/处境
1169,四、餐饮美食、水果特产与生活调料,ẩm thực,饮食
1170,四、餐饮美食、水果特产与生活调料,bữ,顿（一顿饭）
1171,四、餐饮美食、水果特产与生活调料,cơm,饭
1172,四、餐饮美食、水果特产与生活调料,bánh,饼
1173,四、餐饮美食、水果特产与生活调料,rau củ quả,蔬菜水果
1174,四、餐饮美食、水果特产与生活调料,bát đĩa,餐具
1175,四、餐饮美食、水果特产与生活调料,gặp nhau,见面
1176,四、餐饮美食、水果特产与生活调料,dưới đây,下面
1177,四、餐饮美食、水果特产与生活调料,nếu,如果
1178,四、餐饮美食、水果特产与生活调料,đi ăn,去吃
1179,四、餐饮美食、水果特产与生活调料,những món ăn,小吃
1180,四、餐饮美食、水果特产与生活调料,hải sản,海鲜
1181,四、餐饮美食、水果特产与生活调料,hải sản nướng,烧烤海鲜
1182,四、餐饮美食、水果特产与生活调料,toàn diện,全面
1183,四、餐饮美食、水果特产与生活调料,hiệu quả,效果
1184,四、餐饮美食、水果特产与生活调料,đồ ăn nhanh,快餐
1185,四、餐饮美食、水果特产与生活调料,đối mặt,面对
1186,四、餐饮美食、水果特产与生活调料,nước sông,河水
1187,四、餐饮美食、水果特产与生活调料,trôi theo dòng nước,跟着水流消失
1188,四、餐饮美食、水果特产与生活调料,nước ép hoa quả,果汁
1189,四、餐饮美食、水果特产与生活调料,thực phẩm chế biến sẵn,熟菜
1190,四、餐饮美食、水果特产与生活调料,tươi ng,新鲜
1191,四、餐饮美食、水果特产与生活调料,hội quán,会馆
1192,四、餐饮美食、水果特产与生活调料,đối mặt với,面对
1193,四、餐饮美食、水果特产与生活调料,rượu,酒
1194,四、餐饮美食、水果特产与生活调料,say rượu drunk,醉酒
1195,四、餐饮美食、水果特产与生活调料,cơ bắp,肌肉
1196,四、餐饮美食、水果特产与生活调料,sau đây,下面
1197,四、餐饮美食、水果特产与生活调料,phàm ă,胡吃海喝
1198,四、餐饮美食、水果特产与生活调料,đi ăn cỗ,去吃酒席
1199,四、餐饮美食、水果特产与生活调料,cà ph ê,咖啡
1200,四、餐饮美食、水果特产与生活调料,được ăn able,可以吃
1201,四、餐饮美食、水果特产与生活调料,"5F 5F: Food, Film, Fas",五个包括饮食，电影，武术，庙会
1202,四、餐饮美食、水果特产与生活调料,bộ ấm chén te,茶具
1203,四、餐饮美食、水果特产与生活调料,vũ ng nước,一汪水
1204,四、餐饮美食、水果特产与生活调料,bể nước,水池
1205,四、餐饮美食、水果特产与生活调料,trứng hồng,粉色的蛋
1206,四、餐饮美食、水果特产与生活调料,ổ bánh mì loaf,(个) 面包
1207,四、餐饮美食、水果特产与生活调料,chả,煎肉饼
1208,四、餐饮美食、水果特产与生活调料,bánh tôm,虾饼
1209,四、餐饮美食、水果特产与生活调料,gặp gỡ,见面
1210,四、餐饮美食、水果特产与生活调料,chất ngọt,甜味剂
1211,四、餐饮美食、水果特产与生活调料,hàng quán,小餐馆
1212,四、餐饮美食、水果特产与生活调料,tự nấu ăn,自己煮饭
1213,四、餐饮美食、水果特产与生活调料,đi ăn ở ngoài nhà hàng,去外面吃
1214,四、餐饮美食、水果特产与生活调料,Chùa Hương,香寺
1215,四、餐饮美食、水果特产与生活调料,cánh đồng lúa,水稻田
1216,四、餐饮美食、水果特产与生活调料,xanh mướt,绿油油的
1217,四、餐饮美食、水果特产与生活调料,buổi gặp gỡ,见面会
1218,四、餐饮美食、水果特产与生活调料,thịt dê nướng grilled go,烤羊肉
1219,四、餐饮美食、水果特产与生活调料,nguồn nước,水源
1220,四、餐饮美食、水果特产与生活调料,mực nước biển se,海平面
1221,四、餐饮美食、水果特产与生活调料,dầu khí,石油
1222,四、餐饮美食、水果特产与生活调料,đứng trước,面临
1223,四、餐饮美食、水果特产与生活调料,mâm cơm,酒席
1224,四、餐饮美食、水果特产与生活调料,mâm ngũ quả,五果盘
1225,四、餐饮美食、水果特产与生活调料,phòng vấn,面试
1226,四、餐饮美食、水果特产与生活调料,buổi phỏng vấn,一场面试
1227,五、交通出行、海关通关、地理与东南亚国家,Giao thông,交通
1228,五、交通出行、海关通关、地理与东南亚国家,Đi bộ,步行
1229,五、交通出行、海关通关、地理与东南亚国家,Đi thẳng,直走
1230,五、交通出行、海关通关、地理与东南亚国家,Rẽ trái,左拐
1231,五、交通出行、海关通关、地理与东南亚国家,Rẽ phải,右拐
1232,五、交通出行、海关通关、地理与东南亚国家,Quay lại,返回
1233,五、交通出行、海关通关、地理与东南亚国家,Lên xe,上车
1234,五、交通出行、海关通关、地理与东南亚国家,Xuống xe,下车
1235,五、交通出行、海关通关、地理与东南亚国家,Dừng lại,停下
1236,五、交通出行、海关通关、地理与东南亚国家,Đỗ xe,停车 / 泊车
1237,五、交通出行、海关通关、地理与东南亚国家,Xe máy,摩托车
1238,五、交通出行、海关通关、地理与东南亚国家,Xe đạp,自行车
1239,五、交通出行、海关通关、地理与东南亚国家,Xe điện,电动车
1240,五、交通出行、海关通关、地理与东南亚国家,Xe ôtô,汽车
1241,五、交通出行、海关通关、地理与东南亚国家,Taxi / Tắc xi,出租车
1242,五、交通出行、海关通关、地理与东南亚国家,Xe ôm,摩的
1243,五、交通出行、海关通关、地理与东南亚国家,Xích lô,三轮车
1244,五、交通出行、海关通关、地理与东南亚国家,Xe buýt,公交车；巴士
1245,五、交通出行、海关通关、地理与东南亚国家,Xe khách,客车
1246,五、交通出行、海关通关、地理与东南亚国家,Xe giường nằm,卧铺车
1247,五、交通出行、海关通关、地理与东南亚国家,Xe tải,货车
1248,五、交通出行、海关通关、地理与东南亚国家,Máy bay,飞机
1249,五、交通出行、海关通关、地理与东南亚国家,Tàu hoả / Xe lửa,火车
1250,五、交通出行、海关通关、地理与东南亚国家,Tàu thuỷ,轮船
1251,五、交通出行、海关通关、地理与东南亚国家,Bến xe,汽车站
1252,五、交通出行、海关通关、地理与东南亚国家,Sân bay,机场
1253,五、交通出行、海关通关、地理与东南亚国家,Nhà ga,火车站
1254,五、交通出行、海关通关、地理与东南亚国家,Bến cảng,码头；港口
1255,五、交通出行、海关通关、地理与东南亚国家,Chuyến bay,航班
1256,五、交通出行、海关通关、地理与东南亚国家,Vé máy bay,机票
1257,五、交通出行、海关通关、地理与东南亚国家,Vé khứ hồi,往返票
1258,五、交通出行、海关通关、地理与东南亚国家,Phố,街
1259,五、交通出行、海关通关、地理与东南亚国家,Phố đi bộ,步行街
1260,五、交通出行、海关通关、地理与东南亚国家,Đại lộ,大道
1261,五、交通出行、海关通关、地理与东南亚国家,Ngã tư,十字路口
1262,五、交通出行、海关通关、地理与东南亚国家,Ngã ba,三岔路口
1263,五、交通出行、海关通关、地理与东南亚国家,Quảng trường,广场
1264,五、交通出行、海关通关、地理与东南亚国家,Lối đi,通道
1265,五、交通出行、海关通关、地理与东南亚国家,Đèn giao thông,交通灯
1266,五、交通出行、海关通关、地理与东南亚国家,Đèn đỏ,红灯
1267,五、交通出行、海关通关、地理与东南亚国家,Vượt đèn đỏ,闯红灯
1268,五、交通出行、海关通关、地理与东南亚国家,Cảnh sát giao thông,交警
1269,五、交通出行、海关通关、地理与东南亚国家,Tốc độ,速度
1270,五、交通出行、海关通关、地理与东南亚国家,Nhanh,快
1271,五、交通出行、海关通关、地理与东南亚国家,Chậm,慢
1272,五、交通出行、海关通关、地理与东南亚国家,Cây xăng,加油站
1273,五、交通出行、海关通关、地理与东南亚国家,Đổ xăng,加油
1274,五、交通出行、海关通关、地理与东南亚国家,An toàn,安全
1275,五、交通出行、海关通关、地理与东南亚国家,Nguy hiểm,危险
1276,五、交通出行、海关通关、地理与东南亚国家,Lạc đường,迷路
1277,五、交通出行、海关通关、地理与东南亚国家,Cầu,桥
1278,五、交通出行、海关通关、地理与东南亚国家,Sông,河
1279,五、交通出行、海关通关、地理与东南亚国家,Núi,山
1280,五、交通出行、海关通关、地理与东南亚国家,Biển,海
1281,五、交通出行、海关通关、地理与东南亚国家,Phương Bắc,北方
1282,五、交通出行、海关通关、地理与东南亚国家,Phương Nam,南方
1283,五、交通出行、海关通关、地理与东南亚国家,Phương Đông,东方
1284,五、交通出行、海关通关、地理与东南亚国家,Phương Tây,西方
1285,五、交通出行、海关通关、地理与东南亚国家,Miền Bắc,北部
1286,五、交通出行、海关通关、地理与东南亚国家,Miền Nam,南部
1287,五、交通出行、海关通关、地理与东南亚国家,Miền Trung,中部
1288,五、交通出行、海关通关、地理与东南亚国家,Thành phố,城市
1289,五、交通出行、海关通关、地理与东南亚国家,Tỉnh,省
1290,五、交通出行、海关通关、地理与东南亚国家,Nông thôn,农村
1291,五、交通出行、海关通关、地理与东南亚国家,Ngoại ô,郊区；郊外
1292,五、交通出行、海关通关、地理与东南亚国家,Trung tâm,中心
1293,五、交通出行、海关通关、地理与东南亚国家,Địa điểm,地点
1294,五、交通出行、海关通关、地理与东南亚国家,Chỗ,地方
1295,五、交通出行、海关通关、地理与东南亚国家,Trái đất,地球
1296,五、交通出行、海关通关、地理与东南亚国家,Thái Lan,泰国
1297,五、交通出行、海关通关、地理与东南亚国家,Băng Cốc,曼谷
1298,五、交通出行、海关通关、地理与东南亚国家,Pattaya / Pa-ta-ya,芭提雅
1299,五、交通出行、海关通关、地理与东南亚国家,Việt Nam,越南
1300,五、交通出行、海关通关、地理与东南亚国家,Trung Quốc,中国
1301,五、交通出行、海关通关、地理与东南亚国家,Cam pu chia,柬埔寨
1302,五、交通出行、海关通关、地理与东南亚国家,Lào,老挝
1303,五、交通出行、海关通关、地理与东南亚国家,Myanmar,缅甸
1304,五、交通出行、海关通关、地理与东南亚国家,Malaysia,马来西亚
1305,五、交通出行、海关通关、地理与东南亚国家,Singapore,新加坡
1306,五、交通出行、海关通关、地理与东南亚国家,Châu Á,亚洲
1307,五、交通出行、海关通关、地理与东南亚国家,Đông Nam Á,东南亚
1308,五、交通出行、海关通关、地理与东南亚国家,Hà Nội,河内
1309,五、交通出行、海关通关、地理与东南亚国家,Hải Phòng,海防
1310,五、交通出行、海关通关、地理与东南亚国家,Sài Gòn / TP.HCM,胡志明市
1311,五、交通出行、海关通关、地理与东南亚国家,Móng Cái,芒街
1312,五、交通出行、海关通关、地理与东南亚国家,Đông Hưng,东兴
1313,五、交通出行、海关通关、地理与东南亚国家,Hạ Long,下龙
1314,五、交通出行、海关通关、地理与东南亚国家,Nha Trang,芽庄
1315,五、交通出行、海关通关、地理与东南亚国家,Đà Nẵng,岘港
1316,五、交通出行、海关通关、地理与东南亚国家,Hội An,会安
1317,五、交通出行、海关通关、地理与东南亚国家,Đà Lạt,大叻
1318,五、交通出行、海关通关、地理与东南亚国家,Huế,顺化
1319,五、交通出行、海关通关、地理与东南亚国家,Cần Thơ,芹苴
1320,五、交通出行、海关通关、地理与东南亚国家,Cà Mau,金瓯
1321,五、交通出行、海关通关、地理与东南亚国家,Nội Bài,内排机场
1322,五、交通出行、海关通关、地理与东南亚国家,Vân Đồn,云屯机场
1323,五、交通出行、海关通关、地理与东南亚国家,Tân Sơn Nhất,新山一机场
1324,五、交通出行、海关通关、地理与东南亚国家,Cửa khẩu,口岸
1325,五、交通出行、海关通关、地理与东南亚国家,Biên giới,边界
1326,五、交通出行、海关通关、地理与东南亚国家,Hải quan,海关
1327,五、交通出行、海关通关、地理与东南亚国家,Hộ chiếu,护照
1328,五、交通出行、海关通关、地理与东南亚国家,Visa / Thị thực,签证
1329,五、交通出行、海关通关、地理与东南亚国家,Sổ thông hành,通行证（边境）
1330,五、交通出行、海关通关、地理与东南亚国家,Giấy kiểm dịch,检疫证
1331,五、交通出行、海关通关、地理与东南亚国家,Xuất cảnh,出境
1332,五、交通出行、海关通关、地理与东南亚国家,Nhập cảnh,入境
1333,五、交通出行、海关通关、地理与东南亚国家,Kê khai,申报
1334,五、交通出行、海关通关、地理与东南亚国家,Đóng dấu,盖章
1335,五、交通出行、海关通关、地理与东南亚国家,Ấn vân tay,按指纹
1336,五、交通出行、海关通关、地理与东南亚国家,Hành lý,行李
1337,五、交通出行、海关通关、地理与东南亚国家,Kiểm tra,检查
1338,五、交通出行、海关通关、地理与东南亚国家,Hàng cấm,违禁品
1339,五、交通出行、海关通关、地理与东南亚国家,Bị giữ lại,被扣留
1340,五、交通出行、海关通关、地理与东南亚国家,Tịch thu,没收
1341,五、交通出行、海关通关、地理与东南亚国家,Phạt tiền,罚款
1342,五、交通出行、海关通关、地理与东南亚国家,Vượt biên,偷渡；越境
1343,五、交通出行、海关通关、地理与东南亚国家,Cấm biên,封关；禁止出入境
1344,五、交通出行、海关通关、地理与东南亚国家,Tờ khai,申报单
1345,五、交通出行、海关通关、地理与东南亚国家,Thời tiết,天气
1346,五、交通出行、海关通关、地理与东南亚国家,Trời nắng,晴天
1347,五、交通出行、海关通关、地理与东南亚国家,Trời mưa,下雨；雨天
1348,五、交通出行、海关通关、地理与东南亚国家,Gió,风
1349,五、交通出行、海关通关、地理与东南亚国家,Bão,台风 / 风暴
1350,五、交通出行、海关通关、地理与东南亚国家,Lũ lụt,洪水
1351,五、交通出行、海关通关、地理与东南亚国家,Hạn hán,干旱
1352,五、交通出行、海关通关、地理与东南亚国家,Sấm chớp,雷电
1353,五、交通出行、海关通关、地理与东南亚国家,Cầu vồng,彩虹
1354,五、交通出行、海关通关、地理与东南亚国家,Mây,云
1355,五、交通出行、海关通关、地理与东南亚国家,Sao,星星
1356,五、交通出行、海关通关、地理与东南亚国家,Mặt trăng,月亮
1357,五、交通出行、海关通关、地理与东南亚国家,Mặt trời,太阳
1358,五、交通出行、海关通关、地理与东南亚国家,Sóng biển,海浪
1359,五、交通出行、海关通关、地理与东南亚国家,Bãi biển,海滩
1360,五、交通出行、海关通关、地理与东南亚国家,Đảo,岛屿
1361,五、交通出行、海关通关、地理与东南亚国家,Hồ,湖
1362,五、交通出行、海关通关、地理与东南亚国家,Suối,溪流
1363,五、交通出行、海关通关、地理与东南亚国家,Rừng,森林
1364,五、交通出行、海关通关、地理与东南亚国家,Đồng bằng,平原
1365,五、交通出行、海关通关、地理与东南亚国家,Cao nguyên,高原
1366,五、交通出行、海关通关、地理与东南亚国家,Thủ đô,首都
1367,五、交通出行、海关通关、地理与东南亚国家,Đô thị,都市
1368,五、交通出行、海关通关、地理与东南亚国家,Xã,社（乡级行政单位）
1369,五、交通出行、海关通关、地理与东南亚国家,Phường,坊（城市街道行政单位）
1370,五、交通出行、海关通关、地理与东南亚国家,Bản đồ,地图
1371,五、交通出行、海关通关、地理与东南亚国家,Biển chỉ dẫn,路标
1372,五、交通出行、海关通关、地理与东南亚国家,Phương hướng,方向
1373,五、交通出行、海关通关、地理与东南亚国家,Tây Bắc,西北
1374,五、交通出行、海关通关、地理与东南亚国家,Đông Bắc,东北
1375,五、交通出行、海关通关、地理与东南亚国家,Tây Nam,西南
1376,五、交通出行、海关通关、地理与东南亚国家,Đông Nam,东南
1377,五、交通出行、海关通关、地理与东南亚国家,Xuất nhập cảnh,出入境
1378,五、交通出行、海关通关、地理与东南亚国家,Cửa khẩu Móng Cái,芒街口岸
1379,五、交通出行、海关通关、地理与东南亚国家,Phương tiện,交通工具 / 工具
1380,五、交通出行、海关通关、地理与东南亚国家,Xe bán tải,皮卡车
1381,五、交通出行、海关通关、地理与东南亚国家,Tàu điện ngầm,地铁
1382,五、交通出行、海关通关、地理与东南亚国家,Tàu điện,电车
1383,五、交通出行、海关通关、地理与东南亚国家,Xe máy điện,电动摩托车
1384,五、交通出行、海关通关、地理与东南亚国家,Xe đạp điện,电动自行车
1385,五、交通出行、海关通关、地理与东南亚国家,Xe đẩy,手推车
1386,五、交通出行、海关通关、地理与东南亚国家,Máy bay trực thăng,直升机
1387,五、交通出行、海关通关、地理与东南亚国家,Thuyền,船
1388,五、交通出行、海关通关、地理与东南亚国家,Thuyền máy,快艇
1389,五、交通出行、海关通关、地理与东南亚国家,Xuồng,小艇
1390,五、交通出行、海关通关、地理与东南亚国家,Phà,渡轮
1391,五、交通出行、海关通关、地理与东南亚国家,Ca nô,快艇
1392,五、交通出行、海关通关、地理与东南亚国家,Tàu chở hàng,货轮
1393,五、交通出行、海关通关、地理与东南亚国家,Tàu chở khách,客轮
1394,五、交通出行、海关通关、地理与东南亚国家,Tàu cao tốc,高速列车；高铁
1395,五、交通出行、海关通关、地理与东南亚国家,Vé xe,车票
1396,五、交通出行、海关通关、地理与东南亚国家,Vé tàu,船票 / 火车票
1397,五、交通出行、海关通关、地理与东南亚国家,Vé lượt,单程票
1398,五、交通出行、海关通关、地理与东南亚国家,Vé tháng,月票
1399,五、交通出行、海关通关、地理与东南亚国家,Soát vé,检票
1400,五、交通出行、海关通关、地理与东南亚国家,Lên tàu,上火车 / 登船
1401,五、交通出行、海关通关、地理与东南亚国家,Xuống tàu,下火车 / 下船
1402,五、交通出行、海关通关、地理与东南亚国家,Đón xe,等车 / 接车
1403,五、交通出行、海关通关、地理与东南亚国家,Bắt xe,坐车 / 打车
1404,五、交通出行、海关通关、地理与东南亚国家,Bắt taxi,打出租车
1405,五、交通出行、海关通关、地理与东南亚国家,Gọi xe,叫车
1406,五、交通出行、海关通关、地理与东南亚国家,Đặt xe,订车
1407,五、交通出行、海关通关、地理与东南亚国家,Trạm xe buýt,公交站
1408,五、交通出行、海关通关、地理与东南亚国家,Trạm dừng,停靠站
1409,五、交通出行、海关通关、地理与东南亚国家,Điểm đón,上车点
1410,五、交通出行、海关通关、地理与东南亚国家,Bãi đỗ xe,停车场
1411,五、交通出行、海关通关、地理与东南亚国家,Cổng lên máy bay,登机口
1412,五、交通出行、海关通关、地理与东南亚国家,Thủ tục,手续
1413,五、交通出行、海关通关、地理与东南亚国家,Làm thủ tục,办手续
1414,五、交通出行、海关通关、地理与东南亚国家,Ký gửi hành lý,托运行李
1415,五、交通出行、海关通关、地理与东南亚国家,Hành lý xách tay,手提行李
1416,五、交通出行、海关通关、地理与东南亚国家,Lên máy bay,登机
1417,五、交通出行、海关通关、地理与东南亚国家,Xuống máy bay,下飞机
1418,五、交通出行、海关通关、地理与东南亚国家,Chuyển máy bay,转机
1419,五、交通出行、海关通关、地理与东南亚国家,Hoãn chuyến,航班延误 / 推迟
1420,五、交通出行、海关通关、地理与东南亚国家,Chuyến bay thẳng,直飞航班
1421,五、交通出行、海关通关、地理与东南亚国家,Đường bay,航线
1422,五、交通出行、海关通关、地理与东南亚国家,Phòng chờ,候机室 / 候车室
1423,五、交通出行、海关通关、地理与东南亚国家,Sảnh,大厅
1424,五、交通出行、海关通关、地理与东南亚国家,Đường một chiều,单行道
1425,五、交通出行、海关通关、地理与东南亚国家,Đường hai chiều,双向道
1426,五、交通出行、海关通关、地理与东南亚国家,Đường cao tốc,高速公路
1427,五、交通出行、海关通关、地理与东南亚国家,Đường quốc lộ,国道
1428,五、交通出行、海关通关、地理与东南亚国家,Ngõ / Hẻm,小巷
1429,五、交通出行、海关通关、地理与东南亚国家,Phố cổ,古街
1430,五、交通出行、海关通关、地理与东南亚国家,Công viên,公园
1431,五、交通出行、海关通关、地理与东南亚国家,Vườn hoa,花园
1432,五、交通出行、海关通关、地理与东南亚国家,Kênh,运河 / 水渠
1433,五、交通出行、海关通关、地理与东南亚国家,Đồi,山丘
1434,五、交通出行、海关通关、地理与东南亚国家,Núi lửa,火山
1435,五、交通出行、海关通关、地理与东南亚国家,Hang động,洞穴
1436,五、交通出行、海关通关、地理与东南亚国家,Thác nước,瀑布
1437,五、交通出行、海关通关、地理与东南亚国家,Bờ biển,海岸
1438,五、交通出行、海关通关、地理与东南亚国家,trời râm,阴天
1439,五、交通出行、海关通关、地理与东南亚国家,trời nóng,热天
1440,五、交通出行、海关通关、地理与东南亚国家,trời mát mẻ,凉快
1441,五、交通出行、海关通关、地理与东南亚国家,trời lạnh (rét),冷天
1442,五、交通出行、海关通关、地理与东南亚国家,trời ấm,暖天
1443,五、交通出行、海关通关、地理与东南亚国家,nước ấm,温水
1444,五、交通出行、海关通关、地理与东南亚国家,dịch bệnh,疫情
1445,五、交通出行、海关通关、地理与东南亚国家,xuân,春
1446,五、交通出行、海关通关、地理与东南亚国家,hạ,夏
1447,五、交通出行、海关通关、地理与东南亚国家,thu,秋
1448,五、交通出行、海关通关、地理与东南亚国家,cự ly,距离
1449,五、交通出行、海关通关、地理与东南亚国家,điểm du lịch,旅游景点
1450,五、交通出行、海关通关、地理与东南亚国家,visa dài hạn,长期签证
1451,五、交通出行、海关通关、地理与东南亚国家,đổ xăng 92/95,加 92/95 号汽油
1452,五、交通出行、海关通关、地理与东南亚国家,đổ đầy xăng,加满油
1453,五、交通出行、海关通关、地理与东南亚国家,hết xăng,没油了
1454,五、交通出行、海关通关、地理与东南亚国家,đèn xanh,绿灯
1455,五、交通出行、海关通关、地理与东南亚国家,nơi,地方
1456,五、交通出行、海关通关、地理与东南亚国家,nổi tiếng,著名
1457,五、交通出行、海关通关、地理与东南亚国家,chật (hẹp),窄
1458,五、交通出行、海关通关、地理与东南亚国家,lối đi tự động,自动通道
1459,五、交通出行、海关通关、地理与东南亚国家,bị tắc,堵车；堵塞
1460,五、交通出行、海关通关、地理与东南亚国家,hướng,方向
1461,五、交通出行、海关通关、地理与东南亚国家,tắm biển,海边游泳
1462,五、交通出行、海关通关、地理与东南亚国家,đổi vé,换票
1463,五、交通出行、海关通关、地理与东南亚国家,trả vé,退票
1464,五、交通出行、海关通关、地理与东南亚国家,lá cờ,旗帜
1465,五、交通出行、海关通关、地理与东南亚国家,miền,地区
1466,五、交通出行、海关通关、地理与东南亚国家,bắc,北
1467,五、交通出行、海关通关、地理与东南亚国家,trung,中
1468,五、交通出行、海关通关、地理与东南亚国家,tây,西
1469,五、交通出行、海关通关、地理与东南亚国家,đông,东
1470,五、交通出行、海关通关、地理与东南亚国家,đất đai,土地
1471,五、交通出行、海关通关、地理与东南亚国家,thiên nhiên,自然；天然
1472,五、交通出行、海关通关、地理与东南亚国家,cao su,橡胶
1473,五、交通出行、海关通关、地理与东南亚国家,gỗ,木头
1474,五、交通出行、海关通关、地理与东南亚国家,quặng sắt,铁矿
1475,五、交通出行、海关通关、地理与东南亚国家,nhôm,铝
1476,五、交通出行、海关通关、地理与东南亚国家,than đá,煤炭
1477,五、交通出行、海关通关、地理与东南亚国家,xây dựng,建设
1478,五、交通出行、海关通关、地理与东南亚国家,xi măng,水泥
1479,五、交通出行、海关通关、地理与东南亚国家,canh tác,耕种
1480,五、交通出行、海关通关、地理与东南亚国家,giấy tờ,证件
1481,五、交通出行、海关通关、地理与东南亚国家,tuyết rơi,下雪
1482,五、交通出行、海关通关、地理与东南亚国家,xuất phát,出发
1483,五、交通出行、海关通关、地理与东南亚国家,theo đoàn,跟团
1484,五、交通出行、海关通关、地理与东南亚国家,bảo dưỡng xe,保养车
1485,五、交通出行、海关通关、地理与东南亚国家,khóa xe,锁车
1486,五、交通出行、海关通关、地理与东南亚国家,lắp,安装
1487,五、交通出行、海关通关、地理与东南亚国家,lắp đặt,安装
1488,五、交通出行、海关通关、地理与东南亚国家,Bán đảo,半岛
1489,五、交通出行、海关通关、地理与东南亚国家,Vịnh,海湾
1490,五、交通出行、海关通关、地理与东南亚国家,Miền núi,山区
1491,五、交通出行、海关通关、地理与东南亚国家,Vùng,地区
1492,五、交通出行、海关通关、地理与东南亚国家,Khu,区 / 区域
1493,五、交通出行、海关通关、地理与东南亚国家,Khu công nghiệp,工业园区；工业区
1494,五、交通出行、海关通关、地理与东南亚国家,Khu dân cư,居民区
1495,五、交通出行、海关通关、地理与东南亚国家,Khu du lịch,旅游区
1496,五、交通出行、海关通关、地理与东南亚国家,Danh lam thắng cảnh,名胜古迹
1497,五、交通出行、海关通关、地理与东南亚国家,Di tích lịch sử,历史遗迹
1498,五、交通出行、海关通关、地理与东南亚国家,Bảo tàng,博物馆
1499,五、交通出行、海关通关、地理与东南亚国家,Chùa,寺庙 / 佛寺
1500,五、交通出行、海关通关、地理与东南亚国家,Nhà thờ,教堂
1501,五、交通出行、海关通关、地理与东南亚国家,Đền,庙
1502,五、交通出行、海关通关、地理与东南亚国家,Tháp,塔
1503,五、交通出行、海关通关、地理与东南亚国家,Du lịch,旅游
1504,五、交通出行、海关通关、地理与东南亚国家,Đi du lịch,去旅游
1505,五、交通出行、海关通关、地理与东南亚国家,Chuyến đi,行程 / 出行
1506,五、交通出行、海关通关、地理与东南亚国家,Chuyến công tác,出差
1507,五、交通出行、海关通关、地理与东南亚国家,Công tác,公务；出差
1508,五、交通出行、海关通关、地理与东南亚国家,La bàn,指南针
1509,五、交通出行、海关通关、地理与东南亚国家,Định vị,定位
1510,五、交通出行、海关通关、地理与东南亚国家,Chỉ đường,指路
1511,五、交通出行、海关通关、地理与东南亚国家,Hỏi đường,问路
1512,五、交通出行、海关通关、地理与东南亚国家,Đi nhầm đường,走错路
1513,五、交通出行、海关通关、地理与东南亚国家,Quay đầu xe,掉头
1514,五、交通出行、海关通关、地理与东南亚国家,Lùi xe,倒车
1515,五、交通出行、海关通关、地理与东南亚国家,Tăng tốc,加速
1516,五、交通出行、海关通关、地理与东南亚国家,Giảm tốc,减速
1517,五、交通出行、海关通关、地理与东南亚国家,Phanh,刹车
1518,五、交通出行、海关通关、地理与东南亚国家,Còi xe,喇叭 / 鸣笛
1519,五、交通出行、海关通关、地理与东南亚国家,Đèn pha,大灯
1520,五、交通出行、海关通关、地理与东南亚国家,Đèn xi nhan,转向灯
1521,五、交通出行、海关通关、地理与东南亚国家,Gương chiếu hậu,后视镜
1522,五、交通出行、海关通关、地理与东南亚国家,Lốp xe,轮胎
1523,五、交通出行、海关通关、地理与东南亚国家,Bánh xe,车轮
1524,五、交通出行、海关通关、地理与东南亚国家,Động cơ,发动机
1525,五、交通出行、海关通关、地理与东南亚国家,Xăng,汽油
1526,五、交通出行、海关通关、地理与东南亚国家,Dầu diesel,柴油
1527,五、交通出行、海关通关、地理与东南亚国家,Đổ đầy,加满
1528,五、交通出行、海关通关、地理与东南亚国家,bay,飞
1529,五、交通出行、海关通关、地理与东南亚国家,lái,驾驶
1530,五、交通出行、海关通关、地理与东南亚国家,cánh đồng,田野
1531,五、交通出行、海关通关、地理与东南亚国家,trời,天；天空
1532,五、交通出行、海关通关、地理与东南亚国家,đất,土地
1533,五、交通出行、海关通关、地理与东南亚国家,trên đường đến,在去…的路上
1534,五、交通出行、海关通关、地理与东南亚国家,ngang qua,穿过；经过
1535,五、交通出行、海关通关、地理与东南亚国家,dọc theo,沿着
1536,五、交通出行、海关通关、地理与东南亚国家,xuyên qua,穿过；贯穿
1537,五、交通出行、海关通关、地理与东南亚国家,phát ngôn,发言
1538,五、交通出行、海关通关、地理与东南亚国家,thanh sắc,锐声 (越南语的声调之一)
1539,五、交通出行、海关通关、地理与东南亚国家,tiếng Việt,越南语
1540,五、交通出行、海关通关、地理与东南亚国家,tuyến,路线
1541,五、交通出行、海关通关、地理与东南亚国家,hồ Hoàn Kiếm,还剑湖
1542,五、交通出行、海关通关、地理与东南亚国家,ga Hà Nội,河内站
1543,五、交通出行、海关通关、地理与东南亚国家,đi khám,去看病
1544,五、交通出行、海关通关、地理与东南亚国家,nói về,说到/谈到
1545,五、交通出行、海关通关、地理与东南亚国家,thường,一般 / 通常
1546,五、交通出行、海关通关、地理与东南亚国家,chợ quê,乡村市场
1547,五、交通出行、海关通关、地理与东南亚国家,sự hiếu khách,好客
1548,五、交通出行、海关通关、地理与东南亚国家,cảm nhận được,感受到
1549,五、交通出行、海关通关、地理与东南亚国家,Thành phố Hồ Chí Minh,胡志明市
1550,五、交通出行、海关通关、地理与东南亚国家,diễn ra,举行
1551,五、交通出行、海关通关、地理与东南亚国家,máy rử,洗碗机
1552,五、交通出行、海关通关、地理与东南亚国家,môi trường,环境
1553,五、交通出行、海关通关、地理与东南亚国家,cách đây,距今
1554,五、交通出行、海关通关、地理与东南亚国家,thuận tiện,方便/便利
1555,五、交通出行、海关通关、地理与东南亚国家,đường đi lên,去……的道路
1556,五、交通出行、海关通关、地理与东南亚国家,tắc đường,堵车 / 交通拥挤
1557,五、交通出行、海关通关、地理与东南亚国家,tiết kiệm được,能节省
1558,五、交通出行、海关通关、地理与东南亚国家,chợ tình,爱情集市
1559,五、交通出行、海关通关、地理与东南亚国家,các nước đang phát triển,发展中国家
1560,五、交通出行、海关通关、地理与东南亚国家,tiến thẳng,直接走向
1561,五、交通出行、海关通关、地理与东南亚国家,phương pháp,方法
1562,五、交通出行、海关通关、地理与东南亚国家,con phố cổ,古街
1563,五、交通出行、海关通关、地理与东南亚国家,đi ngắm hoa nở,去赏花
1564,五、交通出行、海关通关、地理与东南亚国家,tham quan,参观
1565,五、交通出行、海关通关、地理与东南亚国家,có thể đến với,可以来到
1566,五、交通出行、海关通关、地理与东南亚国家,thành phố biển b,海边城市
1567,五、交通出行、海关通关、地理与东南亚国家,lang thang,漫步走
1568,五、交通出行、海关通关、地理与东南亚国家,vui chơi entertainment area,游玩
1569,五、交通出行、海关通关、地理与东南亚国家,khu phố quarter,街区
1570,五、交通出行、海关通关、地理与东南亚国家,ven biển seaside,海边
1571,五、交通出行、海关通关、地理与东南亚国家,quốc dân,国民
1572,五、交通出行、海关通关、地理与东南亚国家,cơ hội,机会
1573,五、交通出行、海关通关、地理与东南亚国家,đạo đức,道德
1574,五、交通出行、海关通关、地理与东南亚国家,quá trình,过程
1575,五、交通出行、海关通关、地理与东南亚国家,hải đảo,海岛
1576,五、交通出行、海关通关、地理与东南亚国家,vùng sâu,偏远地区
1577,五、交通出行、海关通关、地理与东南亚国家,ngành,行业
1578,五、交通出行、海关通关、地理与东南亚国家,toàn quốc,全国
1579,五、交通出行、海关通关、地理与东南亚国家,dẫn đến,导致
1580,五、交通出行、海关通关、地理与东南亚国家,chuyển,转到/换
1581,五、交通出行、海关通关、地理与东南亚国家,lên tới,增加到
1582,五、交通出行、海关通关、地理与东南亚国家,tỉnh ủy,省委
1583,五、交通出行、海关通关、地理与东南亚国家,đạt,达到
1584,五、交通出行、海关通关、地理与东南亚国家,theo kịp catch up,达到 / 跟上
1585,五、交通出行、海关通关、地理与东南亚国家,chuyển đổi nghề change,改行
1586,五、交通出行、海关通关、地理与东南亚国家,tuyển được,招到
1587,五、交通出行、海关通关、地理与东南亚国家,vô cơ,无机
1588,五、交通出行、海关通关、地理与东南亚国家,trởvề,回来
1589,五、交通出行、海关通关、地理与东南亚国家,ra ngoài,出去
1590,五、交通出行、海关通关、地理与东南亚国家,gì cũng được anyt,什么都行
1591,五、交通出行、海关通关、地理与东南亚国家,du khách,游客
1592,五、交通出行、海关通关、地理与东南亚国家,núi non,山峦
1593,五、交通出行、海关通关、地理与东南亚国家,bã i biển,海滩
1594,五、交通出行、海关通关、地理与东南亚国家,thung lũng,山谷
1595,五、交通出行、海关通关、地理与东南亚国家,phía Nam,南部
1596,五、交通出行、海关通关、地理与东南亚国家,điểm đến,目的地
1597,五、交通出行、海关通关、地理与东南亚国家,quan niệm,观念
1598,五、交通出行、海关通关、地理与东南亚国家,Bắc bộ nor,北部
1599,五、交通出行、海关通关、地理与东南亚国家,trung tâm chiếu phim quốc gia,国家影视中心
1600,五、交通出行、海关通关、地理与东南亚国家,dòng sông,（条）河
1601,五、交通出行、海关通关、地理与东南亚国家,ngắm nhìn,观看
1602,五、交通出行、海关通关、地理与东南亚国家,nhắc đến,提到
1603,五、交通出行、海关通关、地理与东南亚国家,bù ng nổ,爆发
1604,五、交通出行、海关通关、地理与东南亚国家,điện thoại thông,智能手机
1605,五、交通出行、海关通关、地理与东南亚国家,những tình huống,这些情景
1606,五、交通出行、海关通关、地理与东南亚国家,tì m được,找到
1607,五、交通出行、海关通关、地理与东南亚国家,sự phát triển,发展
1608,五、交通出行、海关通关、地理与东南亚国家,nhắc,提到
1609,五、交通出行、海关通关、地理与东南亚国家,tì m được found,找到
1610,五、交通出行、海关通关、地理与东南亚国家,nghề diễn,演员行业
1611,五、交通出行、海关通关、地理与东南亚国家,not i,地方
1612,五、交通出行、海关通关、地理与东南亚国家,tà u hỏa,火车
1613,五、交通出行、海关通关、地理与东南亚国家,từ... đến,从 ... 到
1614,五、交通出行、海关通关、地理与东南亚国家,ra nước ngoài,出国
1615,五、交通出行、海关通关、地理与东南亚国家,trong nước inbound tourism,国内
1616,五、交通出行、海关通关、地理与东南亚国家,đi biển,去海边
1617,五、交通出行、海关通关、地理与东南亚国家,kỳ qu,自然奇观
1618,五、交通出行、海关通关、地理与东南亚国家,Vinh Ha Long Ha,下龙湾
1619,五、交通出行、海关通关、地理与东南亚国家,Phố cổ Hội An Hoian,会安古街
1620,五、交通出行、海关通关、地理与东南亚国家,Vườn quốc gi,格邦国家 公园
1621,五、交通出行、海关通关、地理与东南亚国家,kỳ quan,奇观
1622,五、交通出行、海关通关、地理与东南亚国家,đá ng kể,显著地
1623,五、交通出行、海关通关、地理与东南亚国家,tinh Quảng Ninh Quang Ninh province,广宁省
1624,五、交通出行、海关通关、地理与东南亚国家,nú iđ á vôi limestone mountains,石灰岩山
1625,五、交通出行、海关通关、地理与东南亚国家,lượng khách,游客量
1626,五、交通出行、海关通关、地理与东南亚国家,chè o thuyền,划船
1627,五、交通出行、海关通关、地理与东南亚国家,bãi biển be,海滩
1628,五、交通出行、海关通关、地理与东南亚国家,ngoài khơi xa far,远海
1629,五、交通出行、海关通关、地理与东南亚国家,khu phố,街区
1630,五、交通出行、海关通关、地理与东南亚国家,được nhắc tới,被提到
1631,五、交通出行、海关通关、地理与东南亚国家,thị trấn cảng harb,港口小镇
1632,五、交通出行、海关通关、地理与东南亚国家,khắp châu Á,亚洲各地
1633,五、交通出行、海关通关、地理与东南亚国家,thắp sáng,照亮
1634,五、交通出行、海关通关、地理与东南亚国家,địa chất,地质
1635,五、交通出行、海关通关、地理与东南亚国家,địa mạo,地貌
1636,五、交通出行、海关通关、地理与东南亚国家,dựa theo,按照
1637,五、交通出行、海关通关、地理与东南亚国家,nh ét,塞
1638,五、交通出行、海关通关、地理与东南亚国家,dòng sông ngầm,地下河流
1639,五、交通出行、海关通关、地理与东南亚国家,môi trường sống,栖息地
1640,五、交通出行、海关通关、地理与东南亚国家,dưới lò ng đất,地下
1641,五、交通出行、海关通关、地理与东南亚国家,đón khách du lịch,接待旅客
1642,五、交通出行、海关通关、地理与东南亚国家,cảnh quan,景观
1643,五、交通出行、海关通关、地理与东南亚国家,phi hành gia,飞行员
1644,五、交通出行、海关通关、地理与东南亚国家,tươi vui,快乐
1645,五、交通出行、海关通关、地理与东南亚国家,nói lên,表达
1646,五、交通出行、海关通关、地理与东南亚国家,trường quốc tế,国际学校
1647,五、交通出行、海关通关、地理与东南亚国家,đứng thẳng,站立
1648,五、交通出行、海关通关、地理与东南亚国家,hướng dẫn,引导/指引
1649,五、交通出行、海关通关、地理与东南亚国家,lệch lạc,误导性
1650,五、交通出行、海关通关、地理与东南亚国家,đi lễ chùa,去拜寺庙
1651,五、交通出行、海关通关、地理与东南亚国家,được nhắc đến,被提到
1652,五、交通出行、海关通关、地理与东南亚国家,lụa Thái Thail,泰国丝绸
1653,五、交通出行、海关通关、地理与东南亚国家,Trung Đông,中东
1654,五、交通出行、海关通关、地理与东南亚国家,Visa,签证
1655,五、交通出行、海关通关、地理与东南亚国家,được miễn thị thực,免签
1656,五、交通出行、海关通关、地理与东南亚国家,kênh truyền hình,电视频道
1657,五、交通出行、海关通关、地理与东南亚国家,CNN CNN,有线电视新闻网
1658,五、交通出行、海关通关、地理与东南亚国家,Tripadvisor,( 全球旅游网站 )
1659,五、交通出行、海关通关、地理与东南亚国家,được thực hiện,被进行
1660,五、交通出行、海关通关、地理与东南亚国家,xa mặt cách lòng,隔河千里远
1661,五、交通出行、海关通关、地理与东南亚国家,bước vào,走进
1662,五、交通出行、海关通关、地理与东南亚国家,dẫn thẳng,直通
1663,五、交通出行、海关通关、地理与东南亚国家,mà u chủđạo ma,主导颜色
1664,五、交通出行、海关通关、地理与东南亚国家,sung sướng,快乐
1665,五、交通出行、海关通关、地理与东南亚国家,soi mình,照自己
1666,五、交通出行、海关通关、地理与东南亚国家,quay qua,转头
1667,五、交通出行、海关通关、地理与东南亚国家,tươi tỉnh,欢快
1668,五、交通出行、海关通关、地理与东南亚国家,chạy đến,跑到
1669,五、交通出行、海关通关、地理与东南亚国家,cũng được,也可以 / 也行
1670,五、交通出行、海关通关、地理与东南亚国家,biến đâu mất,哪里去了 / 不见了
1671,五、交通出行、海关通关、地理与东南亚国家,nghe được,能听到
1672,五、交通出行、海关通关、地理与东南亚国家,Hồ Tây,西湖
1673,五、交通出行、海关通关、地理与东南亚国家,hồ nước,湖
1674,五、交通出行、海关通关、地理与东南亚国家,Tây Bắc Bộ,西北部
1675,五、交通出行、海关通关、地理与东南亚国家,Bắc Bộ,北部
1676,五、交通出行、海关通关、地理与东南亚国家,Nam Bộ,南部
1677,五、交通出行、海关通关、地理与东南亚国家,Sài Gòn,西贡
1678,五、交通出行、海关通关、地理与东南亚国家,phố phường,街道
1679,五、交通出行、海关通关、地理与东南亚国家,vé xem p,电影票
1680,五、交通出行、海关通关、地理与东南亚国家,quang hợp,光合作用过程
1681,五、交通出行、海关通关、地理与东南亚国家,trực tuyến,线上
1682,五、交通出行、海关通关、地理与东南亚国家,nước anh/chị,国 / 国家
1683,五、交通出行、海关通关、地理与东南亚国家,những nước nào,哪些国家
1684,五、交通出行、海关通关、地理与东南亚国家,tiện lợi,方便/便利
1685,五、交通出行、海关通关、地理与东南亚国家,da lịch,旅游
1686,五、交通出行、海关通关、地理与东南亚国家,làng,村
1687,五、交通出行、海关通关、地理与东南亚国家,những đị,各地方
1688,五、交通出行、海关通关、地理与东南亚国家,làng văn hó,文化村
1689,五、交通出行、海关通关、地理与东南亚国家,trong và ngoài nước,国内外
1690,五、交通出行、海关通关、地理与东南亚国家,xe ô tô,汽车
1691,五、交通出行、海关通关、地理与东南亚国家,phương tiện đi lại ve,交通工具
1692,五、交通出行、海关通关、地理与东南亚国家,trò chơi tập thể te,团队建设游戏
1693,五、交通出行、海关通关、地理与东南亚国家,hành trình,行程
1694,五、交通出行、海关通关、地理与东南亚国家,dãy núi đá vôi,石灰岩山脉
1695,五、交通出行、海关通关、地理与东南亚国家,toàn cảnh,全景
1696,五、交通出行、海关通关、地理与东南亚国家,vùng đất,土地
1697,五、交通出行、海关通关、地理与东南亚国家,đỉnh núi,山峰
1698,五、交通出行、海关通关、地理与东南亚国家,cảnh đẹp beaut,美景
1699,五、交通出行、海关通关、地理与东南亚国家,chụp hình,拍照
1700,五、交通出行、海关通关、地理与东南亚国家,trong nước domestic,国内
1701,五、交通出行、海关通关、地理与东南亚国家,Bắc Cực,北极
1702,五、交通出行、海关通关、地理与东南亚国家,Nam Cực,南极
1703,五、交通出行、海关通关、地理与东南亚国家,bò biển,海牛
1704,五、交通出行、海关通关、地理与东南亚国家,Liên Hợp Quốc,联合国
1705,五、交通出行、海关通关、地理与东南亚国家,Đông P,东非
1706,五、交通出行、海关通关、地理与东南亚国家,thư mời nhận việc,录用通知书
1707,六、购物百货、服装尺码、颜色与售后,Mua sắm,购物
1708,六、购物百货、服装尺码、颜色与售后,Mua,买
1709,六、购物百货、服装尺码、颜色与售后,Bán,卖
1710,六、购物百货、服装尺码、颜色与售后,Bán chạy,畅销
1711,六、购物百货、服装尺码、颜色与售后,Ế hàng,滞销
1712,六、购物百货、服装尺码、颜色与售后,Siêu thị,超市
1713,六、购物百货、服装尺码、颜色与售后,Bách hoá,百货
1714,六、购物百货、服装尺码、颜色与售后,Cửa hàng,商店
1715,六、购物百货、服装尺码、颜色与售后,Chợ,市场
1716,六、购物百货、服装尺码、颜色与售后,Chợ đêm,夜市
1717,六、购物百货、服装尺码、颜色与售后,Hàng hoá,货物
1718,六、购物百货、服装尺码、颜色与售后,Quần áo,衣服
1719,六、购物百货、服装尺码、颜色与售后,Giày dép,鞋类（鞋和拖鞋统称）
1720,六、购物百货、服装尺码、颜色与售后,Áo sơ mi,衬衫
1721,六、购物百货、服装尺码、颜色与售后,Áo dài,奥黛（越式长衫）
1722,六、购物百货、服装尺码、颜色与售后,Áo cộc tay,短袖；短袖衫
1723,六、购物百货、服装尺码、颜色与售后,Áo dài tay,长袖；长袖衫
1724,六、购物百货、服装尺码、颜色与售后,Quần bò,牛仔裤
1725,六、购物百货、服装尺码、颜色与售后,Quần tây,西裤
1726,六、购物百货、服装尺码、颜色与售后,Váy,裙子
1727,六、购物百货、服装尺码、颜色与售后,Com lê,西装
1728,六、购物百货、服装尺码、颜色与售后,Áo len,毛衣
1729,六、购物百货、服装尺码、颜色与售后,Đồng phục,制服
1730,六、购物百货、服装尺码、颜色与售后,Áo mưa,雨衣
1731,六、购物百货、服装尺码、颜色与售后,Giày da,皮鞋
1732,六、购物百货、服装尺码、颜色与售后,Giày thể thao,运动鞋
1733,六、购物百货、服装尺码、颜色与售后,Giày vải,布鞋
1734,六、购物百货、服装尺码、颜色与售后,Dép,凉鞋；拖鞋
1735,六、购物百货、服装尺码、颜色与售后,Mũ / Nón,帽子
1736,六、购物百货、服装尺码、颜色与售后,Tất / Vớ,袜子
1737,六、购物百货、服装尺码、颜色与售后,Túi xách,手提包
1738,六、购物百货、服装尺码、颜色与售后,Ba lô,背包
1739,六、购物百货、服装尺码、颜色与售后,Ô / Dù,雨伞；伞
1740,六、购物百货、服装尺码、颜色与售后,Màu sắc,颜色
1741,六、购物百货、服装尺码、颜色与售后,Màu đỏ,红色
1742,六、购物百货、服装尺码、颜色与售后,Màu hồng,粉红色
1743,六、购物百货、服装尺码、颜色与售后,Màu trắng,白色
1744,六、购物百货、服装尺码、颜色与售后,Màu đen,黑色
1745,六、购物百货、服装尺码、颜色与售后,Màu xanh,蓝色 / 绿色
1746,六、购物百货、服装尺码、颜色与售后,Xanh lá,绿色
1747,六、购物百货、服装尺码、颜色与售后,Xanh biển,蓝色
1748,六、购物百货、服装尺码、颜色与售后,Màu vàng,黄色
1749,六、购物百货、服装尺码、颜色与售后,Màu tím,紫色
1750,六、购物百货、服装尺码、颜色与售后,Màu xám / ghi,灰色；银灰色
1751,六、购物百货、服装尺码、颜色与售后,Màu cà phê,咖啡色
1752,六、购物百货、服装尺码、颜色与售后,Màu cam,橙色
1753,六、购物百货、服装尺码、颜色与售后,"Size / Số (S,M,L,XL)",尺码
1754,六、购物百货、服装尺码、颜色与售后,Size S,小码
1755,六、购物百货、服装尺码、颜色与售后,Size M,中码
1756,六、购物百货、服装尺码、颜色与售后,Size L,大码
1757,六、购物百货、服装尺码、颜色与售后,Size XL,加大码
1758,六、购物百货、服装尺码、颜色与售后,Vừa,合身；刚好
1759,六、购物百货、服装尺码、颜色与售后,Rộng,宽松；宽
1760,六、购物百货、服装尺码、颜色与售后,Chật,紧 / 窄
1761,六、购物百货、服装尺码、颜色与售后,Dài,长
1762,六、购物百货、服装尺码、颜色与售后,Ngắn,短
1763,六、购物百货、服装尺码、颜色与售后,Nặng,重
1764,六、购物百货、服装尺码、颜色与售后,Nhẹ,轻
1765,六、购物百货、服装尺码、颜色与售后,Bền,耐用
1766,六、购物百货、服装尺码、颜色与售后,Đẹp,漂亮；美
1767,六、购物百货、服装尺码、颜色与售后,Xấu,丑；坏 / 丑
1768,六、购物百货、服装尺码、颜色与售后,Mặc thử,试穿
1769,六、购物百货、服装尺码、颜色与售后,Giá cả,价格
1770,六、购物百货、服装尺码、颜色与售后,Đắt / Mắc,贵
1771,六、购物百货、服装尺码、颜色与售后,Rẻ,便宜
1772,六、购物百货、服装尺码、颜色与售后,Mặc cả,讲价
1773,六、购物百货、服装尺码、颜色与售后,Giảm giá,打折 / 降价；降价
1774,六、购物百货、服装尺码、颜色与售后,Bán rẻ,便宜卖
1775,六、购物百货、服装尺码、颜色与售后,Giá thấp nhất,最低价
1776,六、购物百货、服装尺码、颜色与售后,Tính tiền,买单
1777,六、购物百货、服装尺码、颜色与售后,Hoá đơn,发票
1778,六、购物百货、服装尺码、颜色与售后,Tiền thừa,找零
1779,六、购物百货、服装尺码、颜色与售后,Đổi hàng,换货
1780,六、购物百货、服装尺码、颜色与售后,Trả hàng,退货；退换货
1781,六、购物百货、服装尺码、颜色与售后,Bảo hành,保修
1782,六、购物百货、服装尺码、颜色与售后,Sửa chữa,维修
1783,六、购物百货、服装尺码、颜色与售后,Hàng thật,正品；真货
1784,六、购物百货、服装尺码、颜色与售后,Hàng giả,假货
1785,六、购物百货、服装尺码、颜色与售后,Hàng nhái,冒牌货
1786,六、购物百货、服装尺码、颜色与售后,Hàng xịn,高档货
1787,六、购物百货、服装尺码、颜色与售后,Hàng thanh lý,清仓货
1788,六、购物百货、服装尺码、颜色与售后,Mốt mới,新款；新时尚
1789,六、购物百货、服装尺码、颜色与售后,Thịnh hành,流行；热门
1790,六、购物百货、服装尺码、颜色与售后,Mỹ phẩm,化妆品
1791,六、购物百货、服装尺码、颜色与售后,Son môi,口红
1792,六、购物百货、服装尺码、颜色与售后,Nước hoa,香水
1793,六、购物百货、服装尺码、颜色与售后,Kem chống nắng,防晒霜
1794,六、购物百货、服装尺码、颜色与售后,Mua sắm online,网购
1795,六、购物百货、服装尺码、颜色与售后,Tiền ship,运费
1796,六、购物百货、服装尺码、颜色与售后,Chốt đơn,下单；敲定订单
1797,六、购物百货、服装尺码、颜色与售后,Sàn thương mại điện tử,电商平台
1798,六、购物百货、服装尺码、颜色与售后,Người mua,买家
1799,六、购物百货、服装尺码、颜色与售后,Quà tặng,礼物
1800,六、购物百货、服装尺码、颜色与售后,Bật lửa,打火机
1801,六、购物百货、服装尺码、颜色与售后,Bút,笔
1802,六、购物百货、服装尺码、颜色与售后,Sách,书
1803,六、购物百货、服装尺码、颜色与售后,Kính,眼镜
1804,六、购物百货、服装尺码、颜色与售后,Điện thoại,手机；电话
1805,六、购物百货、服装尺码、颜色与售后,vi tính,电脑
1806,六、购物百货、服装尺码、颜色与售后,Ipad,平板电脑
1807,六、购物百货、服装尺码、颜色与售后,Ti vi,电视
1808,六、购物百货、服装尺码、颜色与售后,Cục sạc pin,充电器
1809,六、购物百货、服装尺码、颜色与售后,Pin,电池
1810,六、购物百货、服装尺码、颜色与售后,Bàn phím,键盘
1811,六、购物百货、服装尺码、颜色与售后,Chuột,鼠标；老鼠
1812,六、购物百货、服装尺码、颜色与售后,Tai nghe,耳机
1813,六、购物百货、服装尺码、颜色与售后,Túi nilông,塑料袋
1814,六、购物百货、服装尺码、颜色与售后,Giấy,纸
1815,六、购物百货、服装尺码、颜色与售后,Giấy vệ sinh,卫生纸
1816,六、购物百货、服装尺码、颜色与售后,Khăn mặt,毛巾
1817,六、购物百货、服装尺码、颜色与售后,Bàn chải,牙刷
1818,六、购物百货、服装尺码、颜色与售后,Kem đánh răng,牙膏
1819,六、购物百货、服装尺码、颜色与售后,Xà bông,香皂
1820,六、购物百货、服装尺码、颜色与售后,Sữa rửa mặt,洗面奶
1821,六、购物百货、服装尺码、颜色与售后,Dầu gội,洗发水
1822,六、购物百货、服装尺码、颜色与售后,Gương,镜子
1823,六、购物百货、服装尺码、颜色与售后,Lược,梳子
1824,六、购物百货、服装尺码、颜色与售后,Cửa hàng tiện lợi,便利店
1825,六、购物百货、服装尺码、颜色与售后,Cửa hàng miễn thuế,免税店
1826,六、购物百货、服装尺码、颜色与售后,Quầy hàng,摊位
1827,六、购物百货、服装尺码、颜色与售后,Hàng rong,小摊贩
1828,六、购物百货、服装尺码、颜色与售后,Đóng gói,打包
1829,六、购物百货、服装尺码、颜色与售后,Vỏ,壳
1830,六、购物百货、服装尺码、颜色与售后,Bao bì,包装
1831,六、购物百货、服装尺码、颜色与售后,Tem,标签；贴标
1832,六、购物百货、服装尺码、颜色与售后,Thẻ,卡片
1833,六、购物百货、服装尺码、颜色与售后,Giỏ,篮子
1834,六、购物百货、服装尺码、颜色与售后,Cửa hàng tạp hóa,杂货店
1835,六、购物百货、服装尺码、颜色与售后,Chợ cóc,路边小摊（临时集市）
1836,六、购物百货、服装尺码、颜色与售后,Siêu thị mini,小型超市
1837,六、购物百货、服装尺码、颜色与售后,Giao tận nhà,送货上门
1838,六、购物百货、服装尺码、颜色与售后,Đổi trả,退换
1839,六、购物百货、服装尺码、颜色与售后,Giảm 50%,五折
1840,六、购物百货、服装尺码、颜色与售后,Khuyến mãi lớn,大促销
1841,六、购物百货、服装尺码、颜色与售后,Sạp hàng,货摊
1842,六、购物百货、服装尺码、颜色与售后,Trả tiền mặt,付现金
1843,六、购物百货、服装尺码、颜色与售后,Quẹt thẻ,刷卡
1844,六、购物百货、服装尺码、颜色与售后,Mã giảm giá,优惠码
1845,六、购物百货、服装尺码、颜色与售后,Phiếu giảm giá,优惠券
1846,六、购物百货、服装尺码、颜色与售后,Áo phông,T恤
1847,六、购物百货、服装尺码、颜色与售后,Quần đùi,短裤
1848,六、购物百货、服装尺码、颜色与售后,Váy dài,长裙
1849,六、购物百货、服装尺码、颜色与售后,Áo khoác,夹克外套；外套
1850,六、购物百货、服装尺码、颜色与售后,Khăn quàng,围巾
1851,六、购物百货、服装尺码、颜色与售后,Găng tay,手套
1852,六、购物百货、服装尺码、颜色与售后,Thắt lưng,皮带
1853,六、购物百货、服装尺码、颜色与售后,Kính râm,太阳镜
1854,六、购物百货、服装尺码、颜色与售后,Máy ảnh,相机
1855,六、购物百货、服装尺码、颜色与售后,Loa,音响
1856,六、购物百货、服装尺码、颜色与售后,Ổ cứng,硬盘
1857,六、购物百货、服装尺码、颜色与售后,Cửa hiệu,店铺
1858,六、购物百货、服装尺码、颜色与售后,Gian hàng,展位 / 铺位
1859,六、购物百货、服装尺码、颜色与售后,Quầy thu ngân,收银台
1860,六、购物百货、服装尺码、颜色与售后,Thu ngân,收银员
1861,六、购物百货、服装尺码、颜色与售后,Giỏ hàng,购物车
1862,六、购物百货、服装尺码、颜色与售后,Thử giày,试鞋
1863,六、购物百货、服装尺码、颜色与售后,Đổi size,换码
1864,六、购物百货、服装尺码、颜色与售后,Đổi màu,换色
1865,六、购物百货、服装尺码、颜色与售后,Màu đậm,深色
1866,六、购物百货、服装尺码、颜色与售后,Màu nhạt,浅色
1867,六、购物百货、服装尺码、颜色与售后,Màu nâu,棕色
1868,六、购物百货、服装尺码、颜色与售后,Màu kem,米色
1869,六、购物百货、服装尺码、颜色与售后,Màu be,米色
1870,六、购物百货、服装尺码、颜色与售后,Sọc,条纹
1871,六、购物百货、服装尺码、颜色与售后,Ca rô,格纹
1872,六、购物百货、服装尺码、颜色与售后,Chấm bi,波点
1873,六、购物百货、服装尺码、颜色与售后,Trơn,纯色 / 素色
1874,六、购物百货、服装尺码、颜色与售后,Hoa văn,花纹
1875,六、购物百货、服装尺码、颜色与售后,Chất liệu,材质
1876,六、购物百货、服装尺码、颜色与售后,Vải,布料
1877,六、购物百货、服装尺码、颜色与售后,Vải cotton,棉布
1878,六、购物百货、服装尺码、颜色与售后,Lụa,丝绸
1879,六、购物百货、服装尺码、颜色与售后,Len,羊毛 / 毛线
1880,六、购物百货、服装尺码、颜色与售后,Da thuộc,皮革
1881,六、购物百货、服装尺码、颜色与售后,Giả da,人造革
1882,六、购物百货、服装尺码、颜色与售后,Phong cách,风格
1883,六、购物百货、服装尺码、颜色与售后,Thời trang,时尚；时装
1884,六、购物百货、服装尺码、颜色与售后,Hàng hiệu,名牌
1885,六、购物百货、服装尺码、颜色与售后,Hàng xách tay,代购货
1886,六、购物百货、服装尺码、颜色与售后,Hàng nội địa,本地货
1887,六、购物百货、服装尺码、颜色与售后,Hàng ngoại nhập,进口货
1888,六、购物百货、服装尺码、颜色与售后,Hàng khuyến mại,促销品
1889,六、购物百货、服装尺码、颜色与售后,Hàng tồn kho,库存货
1890,六、购物百货、服装尺码、颜色与售后,Hàng mới về,新到货
1891,六、购物百货、服装尺码、颜色与售后,Hết hàng,断货
1892,六、购物百货、服装尺码、颜色与售后,Hết size,没码
1893,六、购物百货、服装尺码、颜色与售后,Còn hàng,有货
1894,六、购物百货、服装尺码、颜色与售后,Đặt hàng trước,预订
1895,六、购物百货、服装尺码、颜色与售后,Thanh toán khi nhận hàng,货到付款
1896,六、购物百货、服装尺码、颜色与售后,Miễn phí vận chuyển,免运费
1897,六、购物百货、服装尺码、颜色与售后,Giao hàng nhanh,快速送货
1898,六、购物百货、服装尺码、颜色与售后,Đổi trả hàng,退换货
1899,六、购物百货、服装尺码、颜色与售后,Hoàn tiền,退款
1900,六、购物百货、服装尺码、颜色与售后,Chiết khấu,折扣
1901,六、购物百货、服装尺码、颜色与售后,Phiếu quà tặng,礼品卡
1902,六、购物百货、服装尺码、颜色与售后,Gói quà,包装礼物
1903,六、购物百货、服装尺码、颜色与售后,Tặng quà,送礼
1904,六、购物百货、服装尺码、颜色与售后,Nhận quà,收礼
1905,六、购物百货、服装尺码、颜色与售后,Đồng giá,统一价
1906,六、购物百货、服装尺码、颜色与售后,Giá gốc,原价
1907,六、购物百货、服装尺码、颜色与售后,Giá niêm yết,标价
1908,六、购物百货、服装尺码、颜色与售后,Bảng giá,价目表
1909,六、购物百货、服装尺码、颜色与售后,Bớt giá,减价
1910,六、购物百货、服装尺码、颜色与售后,Ví,钱包；皮夹
1911,六、购物百货、服装尺码、颜色与售后,Áo gió,风衣
1912,六、购物百货、服装尺码、颜色与售后,Áo phao,羽绒服
1913,六、购物百货、服装尺码、颜色与售后,Áo bà ba,越南传统衫
1914,六、购物百货、服装尺码、颜色与售后,Quần lửng,七分裤
1915,六、购物百货、服装尺码、颜色与售后,Quần dài,长裤
1916,六、购物百货、服装尺码、颜色与售后,Quần tất,连裤袜
1917,六、购物百货、服装尺码、颜色与售后,Váy liền,连衣裙
1918,六、购物百货、服装尺码、颜色与售后,Đầm,连衣裙
1919,六、购物百货、服装尺码、颜色与售后,mặc vừa,合穿；合身
1920,六、购物百货、服装尺码、颜色与售后,sửa xe,修车
1921,六、购物百货、服装尺码、颜色与售后,mở cửa,开门
1922,六、购物百货、服装尺码、颜色与售后,quá khen,过奖
1923,六、购物百货、服装尺码、颜色与售后,cổ trang,古装
1924,六、购物百货、服装尺码、颜色与售后,1 lát nữa,一会儿
1925,六、购物百货、服装尺码、颜色与售后,chiêu đãi,招待
1926,六、购物百货、服装尺码、颜色与售后,mời,请
1927,六、购物百货、服装尺码、颜色与售后,tương đương,相当于
1928,六、购物百货、服装尺码、颜色与售后,đoán ra,猜出
1929,六、购物百货、服装尺码、颜色与售后,giống nhau,相似；相像
1930,六、购物百货、服装尺码、颜色与售后,khác nhau,不同
1931,六、购物百货、服装尺码、颜色与售后,cuộc gọi đi,去电；拨出的电话
1932,六、购物百货、服装尺码、颜色与售后,cuộc gọi đến,来电
1933,六、购物百货、服装尺码、颜色与售后,cuộc gọi nhỡ,未接来电
1934,六、购物百货、服装尺码、颜色与售后,tin nhắn,短信
1935,六、购物百货、服装尺码、颜色与售后,danh bạ,通讯录
1936,六、购物百货、服装尺码、颜色与售后,nhật ký trò chuyện,聊天记录
1937,六、购物百货、服装尺码、颜色与售后,chụp ảnh,拍照
1938,六、购物百货、服装尺码、颜色与售后,màn hình,屏幕
1939,六、购物百货、服装尺码、颜色与售后,sao chép,复制
1940,六、购物百货、服装尺码、颜色与售后,nhân vật,人物
1941,六、购物百货、服装尺码、颜色与售后,giấy ăn,餐巾纸
1942,六、购物百货、服装尺码、颜色与售后,hội chợ,会展
1943,六、购物百货、服装尺码、颜色与售后,khai mạc,开幕
1944,六、购物百货、服装尺码、颜色与售后,bế mạc,闭幕
1945,六、购物百货、服装尺码、颜色与售后,còn,还；仍然
1946,六、购物百货、服装尺码、颜色与售后,đã là,已经是
1947,六、购物百货、服装尺码、颜色与售后,có tiền có của,有钱有势
1948,六、购物百货、服装尺码、颜色与售后,người trung niên,中年人
1949,六、购物百货、服装尺码、颜色与售后,đuổi theo,追赶；追逐
1950,六、购物百货、服装尺码、颜色与售后,áo da,皮衣
1951,六、购物百货、服装尺码、颜色与售后,túi da,皮包
1952,六、购物百货、服装尺码、颜色与售后,không bằng,不如
1953,六、购物百货、服装尺码、颜色与售后,quán Internet,网吧
1954,六、购物百货、服装尺码、颜色与售后,lên mạng,上网
1955,六、购物百货、服装尺码、颜色与售后,nước,国家（口语）
1956,六、购物百货、服装尺码、颜色与售后,đất nước,祖国；国家
1957,六、购物百货、服装尺码、颜色与售后,tổ quốc,祖国（庄重）
1958,六、购物百货、服装尺码、颜色与售后,đạp xe đạp,骑自行车
1959,六、购物百货、服装尺码、颜色与售后,bớt,减少；减价
1960,六、购物百货、服装尺码、颜色与售后,Chân váy,半身裙
1961,六、购物百货、服装尺码、颜色与售后,Bộ đồ,套装
1962,六、购物百货、服装尺码、颜色与售后,Đồ lót,内衣
1963,六、购物百货、服装尺码、颜色与售后,Quần lót,内裤
1964,六、购物百货、服装尺码、颜色与售后,Giày cao gót,高跟鞋
1965,六、购物百货、服装尺码、颜色与售后,Giày bốt,靴子
1966,六、购物百货、服装尺码、颜色与售后,Dép lê,居家拖鞋
1967,六、购物百货、服装尺码、颜色与售后,Dép tông,人字拖
1968,六、购物百货、服装尺码、颜色与售后,Mũ bảo hiểm,安全帽 / 头盔
1969,六、购物百货、服装尺码、颜色与售后,Khăn tắm,浴巾
1970,六、购物百货、服装尺码、颜色与售后,Khẩu trang,口罩
1971,六、购物百货、服装尺码、颜色与售后,Kính cận,近视眼镜
1972,六、购物百货、服装尺码、颜色与售后,Kính áp tròng,隐形眼镜
1973,六、购物百货、服装尺码、颜色与售后,Đồng hồ thông minh,智能手表
1974,六、购物百货、服装尺码、颜色与售后,Sạc dự phòng,充电宝
1975,六、购物百货、服装尺码、颜色与售后,Dây sạc,充电线
1976,六、购物百货、服装尺码、颜色与售后,Máy rửa bát,洗碗机
1977,六、购物百货、服装尺码、颜色与售后,Máy hút bụi,吸尘器
1978,六、购物百货、服装尺码、颜色与售后,Máy may,缝纫机
1979,六、购物百货、服装尺码、颜色与售后,Kim,针
1980,六、购物百货、服装尺码、颜色与售后,Chỉ,线；只
1981,六、购物百货、服装尺码、颜色与售后,Nút áo,纽扣
1982,六、购物百货、服装尺码、颜色与售后,Khóa kéo,拉链
1983,六、购物百货、服装尺码、颜色与售后,Dây giày,鞋带
1984,六、购物百货、服装尺码、颜色与售后,Thanh toán online,在线支付
1985,六、购物百货、服装尺码、颜色与售后,Vận chuyển miễn phí,包邮
1986,六、购物百货、服装尺码、颜色与售后,mặc,穿
1987,六、购物百货、服装尺码、颜色与售后,đỏ,红色的
1988,六、购物百货、服装尺码、颜色与售后,xanh,蓝色/绿色的
1989,六、购物百货、服装尺码、颜色与售后,trắng,白色的
1990,六、购物百货、服装尺码、颜色与售后,khoảng,大约
1991,六、购物百货、服装尺码、颜色与售后,đại học Bách Khoa,理工大学
1992,六、购物百货、服装尺码、颜色与售后,cất,收
1993,六、购物百货、服装尺码、颜色与售后,mọi người,大家
1994,六、购物百货、服装尺码、颜色与售后,văn hóa mua sắm,购物文化
1995,六、购物百货、服装尺码、颜色与售后,ý chính,大意
1996,六、购物百货、服装尺码、颜色与售后,vật dụng,物品 / 物体
1997,六、购物百货、服装尺码、颜色与售后,nhỏ,小
1998,六、购物百货、服装尺码、颜色与售后,đồ nhựa p,塑料制品
1999,六、购物百货、服装尺码、颜色与售后,thức ăn,食物
2000,六、购物百货、服装尺码、颜色与售后,hiểu ra,明白
2001,六、购物百货、服装尺码、颜色与售后,mua bán,买卖
2002,六、购物百货、服装尺码、颜色与售后,hàng hóa,货物
2003,六、购物百货、服装尺码、颜色与售后,thang đo hạnh phúc,幸福量表
2004,六、购物百货、服装尺码、颜色与售后,khoáng chất,矿物质
2005,六、购物百货、服装尺码、颜色与售后,thực phẩm,食品
2006,六、购物百货、服装尺码、颜色与售后,quá liều,过量
2007,六、购物百货、服装尺码、颜色与售后,gây độc,引起中毒
2008,六、购物百货、服装尺码、颜色与售后,năm thứ ba,大三
2009,六、购物百货、服装尺码、颜色与售后,tiếng Trung C,汉语 / 中文
2010,六、购物百货、服装尺码、颜色与售后,lượng,流量
2011,六、购物百货、服装尺码、颜色与售后,giá,价格
2012,六、购物百货、服装尺码、颜色与售后,tập trung,集中
2013,六、购物百货、服装尺码、颜色与售后,ma túy,毒品
2014,六、购物百货、服装尺码、颜色与售后,chuẩn mực,标准
2015,六、购物百货、服装尺码、颜色与售后,cao đẳng,大专
2016,六、购物百货、服装尺码、颜色与售后,số liệu,数据
2017,六、购物百货、服装尺码、颜色与售后,chỉ tiêu,指标
2018,六、购物百货、服装尺码、颜色与售后,trắng bảng (a slang,空白
2019,六、购物百货、服装尺码、颜色与售后,sửa đổi,修改
2020,六、购物百货、服装尺码、颜色与售后,đắt hơn,更贵
2021,六、购物百货、服装尺码、颜色与售后,rẻ hơn,更便宜
2022,六、购物百货、服装尺码、颜色与售后,chỗ trống,空白处
2023,六、购物百货、服装尺码、颜色与售后,trường đại học,大学（具体存在的学校）
2024,六、购物百货、服装尺码、颜色与售后,sau này,以后
2025,六、购物百货、服装尺码、颜色与售后,đô l,美金/美元
2026,六、购物百货、服装尺码、颜色与售后,đặc sắc,特色 / 独特
2027,六、购物百货、服装尺码、颜色与售后,xanh ngắt,很蓝
2028,六、购物百货、服装尺码、颜色与售后,tổng lượng mưa,降雨总量
2029,六、购物百货、服装尺码、颜色与售后,si êu âm,B超
2030,六、购物百货、服装尺码、颜色与售后,hậu vệ,后卫
2031,六、购物百货、服装尺码、颜色与售后,cân năng,重量 /体重
2032,六、购物百货、服装尺码、颜色与售后,só lượng,数量
2033,六、购物百货、服装尺码、颜色与售后,hàng,货
2034,六、购物百货、服装尺码、颜色与售后,thể chất,体质
2035,六、购物百货、服装尺码、颜色与售后,bệnh viện Bạch,白梅医院
2036,六、购物百货、服装尺码、颜色与售后,sinh viên năm thứ ba,大三
2037,六、购物百货、服装尺码、颜色与售后,trường Đại học Sân khấu Điện ảnh,戏剧电影大学
2038,六、购物百货、服装尺码、颜色与售后,lớn nhỏ large,大小
2039,六、购物百货、服装尺码、颜色与售后,ti êu ch í,标准
2040,六、购物百货、服装尺码、颜色与售后,đề thi,试题
2041,六、购物百货、服装尺码、颜色与售后,anh chàng,小伙子
2042,六、购物百货、服装尺码、颜色与售后,sau đây after,之后/之后
2043,六、购物百货、服装尺码、颜色与售后,tiền của,金钱
2044,六、购物百货、服装尺码、颜色与售后,tâm lý đá,大众心理
2045,六、购物百货、服装尺码、颜色与售后,dịch vụ đá,云服务
2046,六、购物百货、服装尺码、颜色与售后,Trung Á,中亚
2047,六、购物百货、服装尺码、颜色与售后,trường đạ,大学
2048,六、购物百货、服装尺码、颜色与售后,cá c đồ vật t,各类物品
2049,六、购物百货、服装尺码、颜色与售后,tủgỗ c,木柜
2050,六、购物百货、服装尺码、颜色与售后,đồ vật,装饰品
2051,六、购物百货、服装尺码、颜色与售后,đỏ rực,火红
2052,六、购物百货、服装尺码、颜色与售后,mọi vật,万物
2053,六、购物百货、服装尺码、颜色与售后,màuđỏtí,紫红
2054,六、购物百货、服装尺码、颜色与售后,lại bật khóc,嚎啕大哭
2055,六、购物百货、服装尺码、颜色与售后,nho nhỏ,小小的
2056,六、购物百货、服装尺码、颜色与售后,đỏ thắm crim,朱红
2057,六、购物百货、服装尺码、颜色与售后,viên ngọc quý,珍贵的宝石
2058,六、购物百货、服装尺码、颜色与售后,loài vật,动物
2059,六、购物百货、服装尺码、颜色与售后,màu g,浅灰色
2060,六、购物百货、服装尺码、颜色与售后,nhỏ hơn,比 … 小
2061,六、购物百货、服装尺码、颜色与售后,việc kết hôn,结婚事宜
2062,六、购物百货、服装尺码、颜色与售后,chất,物质
2063,六、购物百货、服装尺码、颜色与售后,ưu tiên,优先
2064,六、购物百货、服装尺码、颜色与售后,thực phẩm đóng hộp,罐头食品
2065,六、购物百货、服装尺码、颜色与售后,diệp lục,叶绿素
2066,六、购物百货、服装尺码、颜色与售后,hấp thụ,吸收
2067,六、购物百货、服装尺码、颜色与售后,Bát Tràng,钵场
2068,六、购物百货、服装尺码、颜色与售后,xanh mát cool blue,凉爽的蓝色
2069,六、购物百货、服装尺码、颜色与售后,lưu giữ,保留
2070,六、购物百货、服装尺码、颜色与售后,kho tàng,保藏
2071,六、购物百货、服装尺码、颜色与售后,DataReportal DataReportal,数据研究
2072,六、购物百货、服装尺码、颜色与售后,trong số,在 … 中
2073,六、购物百货、服装尺码、颜色与售后,tầng khí quyển,大气层
2074,六、购物百货、服装尺码、颜色与售后,động thực vật flora,动植物
2075,六、购物百货、服装尺码、颜色与售后,tiêu đề,标题
2076,七、酒店住宿、房屋租赁与日常家务,Khách sạn,酒店
2077,七、酒店住宿、房屋租赁与日常家务,Nhà nghỉ,旅馆
2078,七、酒店住宿、房屋租赁与日常家务,Nhà,家 / 房子
2079,七、酒店住宿、房屋租赁与日常家务,Chung cư,公寓
2080,七、酒店住宿、房屋租赁与日常家务,Căn hộ,套房；公寓
2081,七、酒店住宿、房屋租赁与日常家务,Biệt thự,别墅
2082,七、酒店住宿、房屋租赁与日常家务,Nhà lầu,楼房
2083,七、酒店住宿、房屋租赁与日常家务,Thuê nhà,租房
2084,七、酒店住宿、房屋租赁与日常家务,Thuê phòng,租房间；租用房间
2085,七、酒店住宿、房屋租赁与日常家务,Đặt phòng,订房
2086,七、酒店住宿、房屋租赁与日常家务,Trả phòng,退房
2087,七、酒店住宿、房屋租赁与日常家务,Chủ nhà,房东
2088,七、酒店住宿、房屋租赁与日常家务,Người thuê,租客
2089,七、酒店住宿、房屋租赁与日常家务,Phòng đôi,双人房
2090,七、酒店住宿、房屋租赁与日常家务,Phòng đơn,单人房
2091,七、酒店住宿、房屋租赁与日常家务,Tiện nghi,设施；设备
2092,七、酒店住宿、房屋租赁与日常家务,Đầy đủ,齐全
2093,七、酒店住宿、房屋租赁与日常家务,Thiết bị,设备
2094,七、酒店住宿、房屋租赁与日常家务,Tầng / Lầu,楼层
2095,七、酒店住宿、房屋租赁与日常家务,Cầu thang,楼梯
2096,七、酒店住宿、房屋租赁与日常家务,Thang máy,电梯
2097,七、酒店住宿、房屋租赁与日常家务,Chìa khoá,钥匙
2098,七、酒店住宿、房屋租赁与日常家务,Thẻ phòng,房卡
2099,七、酒店住宿、房屋租赁与日常家务,Mật khẩu wifi,wifi 密码
2100,七、酒店住宿、房屋租赁与日常家务,Cửa,门
2101,七、酒店住宿、房屋租赁与日常家务,Cửa sổ,窗户
2102,七、酒店住宿、房屋租赁与日常家务,Tường,墙壁；墙
2103,七、酒店住宿、房屋租赁与日常家务,Sàn nhà,地板
2104,七、酒店住宿、房屋租赁与日常家务,Mái nhà,屋顶
2105,七、酒店住宿、房屋租赁与日常家务,Ban công,阳台
2106,七、酒店住宿、房屋租赁与日常家务,Phòng khách,客厅
2107,七、酒店住宿、房屋租赁与日常家务,Phòng ngủ,卧室
2108,七、酒店住宿、房屋租赁与日常家务,Nhà bếp,厨房
2109,七、酒店住宿、房屋租赁与日常家务,Nhà vệ sinh,卫生间
2110,七、酒店住宿、房屋租赁与日常家务,Phòng tắm,浴室
2111,七、酒店住宿、房屋租赁与日常家务,Nhà kho,仓库
2112,七、酒店住宿、房屋租赁与日常家务,Giường,床
2113,七、酒店住宿、房屋租赁与日常家务,Giường đôi,双人床
2114,七、酒店住宿、房屋租赁与日常家务,Giường đơn,单人床
2115,七、酒店住宿、房屋租赁与日常家务,Chăn,被子
2116,七、酒店住宿、房屋租赁与日常家务,Ga,床单
2117,七、酒店住宿、房屋租赁与日常家务,Gối,枕头
2118,七、酒店住宿、房屋租赁与日常家务,Đệm,床垫
2119,七、酒店住宿、房屋租赁与日常家务,Tủ quần áo,衣柜
2120,七、酒店住宿、房屋租赁与日常家务,Bàn,桌子
2121,七、酒店住宿、房屋租赁与日常家务,Ghế,椅子
2122,七、酒店住宿、房屋租赁与日常家务,Điều hoà,空调
2123,七、酒店住宿、房屋租赁与日常家务,Tủ lạnh,冰箱
2124,七、酒店住宿、房屋租赁与日常家务,Máy giặt,洗衣机
2125,七、酒店住宿、房屋租赁与日常家务,Quạt điện,电风扇
2126,七、酒店住宿、房屋租赁与日常家务,Đèn điện,电灯
2127,七、酒店住宿、房屋租赁与日常家务,Bình nóng lạnh,热水器
2128,七、酒店住宿、房屋租赁与日常家务,Bếp gas,煤气灶
2129,七、酒店住宿、房屋租赁与日常家务,Ổ cắm,插座
2130,七、酒店住宿、房屋租赁与日常家务,Công tắc,开关
2131,七、酒店住宿、房屋租赁与日常家务,Nước sôi,开水
2132,七、酒店住宿、房屋租赁与日常家务,Nước lạnh,冷水
2133,七、酒店住宿、房屋租赁与日常家务,Nước nóng,热水
2134,七、酒店住宿、房屋租赁与日常家务,Nước đá,冰水
2135,七、酒店住宿、房屋租赁与日常家务,Tiền điện,电费
2136,七、酒店住宿、房屋租赁与日常家务,Tiền nước,水费
2137,七、酒店住宿、房屋租赁与日常家务,Không bao gồm,不含；不包含
2138,七、酒店住宿、房屋租赁与日常家务,Bao ăn bao ở,包吃包住（劳务用语）
2139,七、酒店住宿、房屋租赁与日常家务,Giặt quần áo,洗衣服
2140,七、酒店住宿、房屋租赁与日常家务,Phơi quần áo,晾衣服
2141,七、酒店住宿、房屋租赁与日常家务,Là quần áo,熨衣服
2142,七、酒店住宿、房屋租赁与日常家务,Bàn là,熨斗
2143,七、酒店住宿、房屋租赁与日常家务,Dọn dẹp,收拾；打扫
2144,七、酒店住宿、房屋租赁与日常家务,Quét nhà,扫地
2145,七、酒店住宿、房屋租赁与日常家务,Lau nhà,拖地
2146,七、酒店住宿、房屋租赁与日常家务,Rửa bát,洗碗
2147,七、酒店住宿、房屋租赁与日常家务,Nấu cơm,煮饭
2148,七、酒店住宿、房屋租赁与日常家务,Đi tắm,洗澡
2149,七、酒店住宿、房屋租赁与日常家务,Rửa mặt,洗脸
2150,七、酒店住宿、房屋租赁与日常家务,Đánh răng,刷牙
2151,七、酒店住宿、房屋租赁与日常家务,Gội đầu,洗头
2152,七、酒店住宿、房屋租赁与日常家务,Chải đầu,梳头
2153,七、酒店住宿、房屋租赁与日常家务,Trang điểm,化妆
2154,七、酒店住宿、房屋租赁与日常家务,Thức dậy,起床
2155,七、酒店住宿、房屋租赁与日常家务,Đi ngủ,睡觉
2156,七、酒店住宿、房屋租赁与日常家务,Ngủ nướng,睡懒觉
2157,七、酒店住宿、房屋租赁与日常家务,Mất ngủ,失眠
2158,七、酒店住宿、房屋租赁与日常家务,Thức khuya,熬夜
2159,七、酒店住宿、房屋租赁与日常家务,Mệt mỏi,疲惫
2160,七、酒店住宿、房屋租赁与日常家务,Khỏe mạnh,健康
2161,七、酒店住宿、房屋租赁与日常家务,Sạch sẽ,干净
2162,七、酒店住宿、房屋租赁与日常家务,Bẩn,脏
2163,七、酒店住宿、房屋租赁与日常家务,Gọn gàng,整洁
2164,七、酒店住宿、房屋租赁与日常家务,Bừa bộn,杂乱；凌乱
2165,七、酒店住宿、房屋租赁与日常家务,Mở,开
2166,七、酒店住宿、房屋租赁与日常家务,Đóng,关
2167,七、酒店住宿、房屋租赁与日常家务,Bật,打开；开启（电器）
2168,七、酒店住宿、房屋租赁与日常家务,Tắt,关闭（电器）
2169,七、酒店住宿、房屋租赁与日常家务,Kéo,拉
2170,七、酒店住宿、房屋租赁与日常家务,Đẩy,推
2171,七、酒店住宿、房屋租赁与日常家务,Vứt rác,扔垃圾
2172,七、酒店住宿、房屋租赁与日常家务,Thùng rác,垃圾桶
2173,七、酒店住宿、房屋租赁与日常家务,Chổi,扫把
2174,七、酒店住宿、房屋租赁与日常家务,Chậu,盆
2175,七、酒店住宿、房屋租赁与日常家务,Vòi nước,水龙头
2176,七、酒店住宿、房屋租赁与日常家务,Ống nước,水管
2177,七、酒店住宿、房屋租赁与日常家务,Cốc,杯子
2178,七、酒店住宿、房屋租赁与日常家务,Bát,碗
2179,七、酒店住宿、房屋租赁与日常家务,Thìa,勺子
2180,七、酒店住宿、房屋租赁与日常家务,Dao,刀
2181,七、酒店住宿、房屋租赁与日常家务,Thớt,砧板
2182,七、酒店住宿、房屋租赁与日常家务,Nồi,锅
2183,七、酒店住宿、房屋租赁与日常家务,Chảo,炒锅
2184,七、酒店住宿、房屋租赁与日常家务,Khăn,毛巾
2185,七、酒店住宿、房屋租赁与日常家务,Móc áo,衣架
2186,七、酒店住宿、房屋租赁与日常家务,Sữa tắm,沐浴露
2187,七、酒店住宿、房屋租赁与日常家务,Vali,行李箱
2188,七、酒店住宿、房屋租赁与日常家务,Sạc pin,充电；充电（动）
2189,七、酒店住宿、房屋租赁与日常家务,Điều khiển,遥控器
2190,七、酒店住宿、房屋租赁与日常家务,Giày,鞋
2191,七、酒店住宿、房屋租赁与日常家务,Mũ,帽子
2192,七、酒店住宿、房屋租赁与日常家务,Tất,袜子
2193,七、酒店住宿、房屋租赁与日常家务,Áo,衣服
2194,七、酒店住宿、房屋租赁与日常家务,Quần,裤子
2195,七、酒店住宿、房屋租赁与日常家务,Nhà trọ,出租屋 / 旅馆
2196,七、酒店住宿、房屋租赁与日常家务,Phòng trọ,出租房
2197,七、酒店住宿、房屋租赁与日常家务,Hợp đồng thuê nhà,租房合同
2198,七、酒店住宿、房屋租赁与日常家务,Đặt cọc,交押金；付定金
2199,七、酒店住宿、房屋租赁与日常家务,Tiền thuê nhà,房租
2200,七、酒店住宿、房屋租赁与日常家务,Tiền cọc,押金；定金
2201,七、酒店住宿、房屋租赁与日常家务,Điện nước,水电
2202,七、酒店住宿、房屋租赁与日常家务,Mạng wifi,无线网络
2203,七、酒店住宿、房屋租赁与日常家务,Bóng đèn,灯泡
2204,七、酒店住宿、房屋租赁与日常家务,Máy lạnh,空调
2205,七、酒店住宿、房屋租赁与日常家务,Máy nước nóng,热水器
2206,七、酒店住宿、房屋租赁与日常家务,Vòi hoa sen,花洒
2207,七、酒店住宿、房屋租赁与日常家务,Bồn cầu,马桶
2208,七、酒店住宿、房屋租赁与日常家务,Gương soi,镜子
2209,七、酒店住宿、房屋租赁与日常家务,Mắc áo,衣架
2210,七、酒店住宿、房屋租赁与日常家务,Máy sấy tóc,吹风机
2211,七、酒店住宿、房屋租赁与日常家务,Bàn ủi,熨斗
2212,七、酒店住宿、房屋租赁与日常家务,Giặt khô,干洗
2213,七、酒店住宿、房屋租赁与日常家务,Quét dọn,打扫
2214,七、酒店住宿、房屋租赁与日常家务,Rửa chén,洗碗
2215,七、酒店住宿、房屋租赁与日常家务,Lau sàn,拖地
2216,七、酒店住宿、房屋租赁与日常家务,Quét sân,扫院子
2217,七、酒店住宿、房屋租赁与日常家务,Phân loại rác,垃圾分类
2218,七、酒店住宿、房屋租赁与日常家务,Ổ khóa,门锁
2219,七、酒店住宿、房屋租赁与日常家务,Chuông cửa,门铃
2220,七、酒店住宿、房屋租赁与日常家务,Nhà ở,住房
2221,七、酒店住宿、房屋租赁与日常家务,Nhà riêng,独栋房
2222,七、酒店住宿、房屋租赁与日常家务,Nhà mặt phố,临街房
2223,七、酒店住宿、房屋租赁与日常家务,Căn phòng,房间
2224,七、酒店住宿、房屋租赁与日常家务,Phòng ăn,饭厅
2225,七、酒店住宿、房屋租赁与日常家务,Phòng làm việc,书房 / 办公室
2226,七、酒店住宿、房屋租赁与日常家务,Phòng giặt,洗衣房
2227,七、酒店住宿、房屋租赁与日常家务,Sân thượng,天台
2228,七、酒店住宿、房屋租赁与日常家务,Sân,院子
2229,七、酒店住宿、房屋租赁与日常家务,Cổng,大门
2230,七、酒店住宿、房屋租赁与日常家务,Hàng rào,篱笆 / 围墙
2231,七、酒店住宿、房屋租赁与日常家务,Trần nhà,天花板
2232,七、酒店住宿、房屋租赁与日常家务,Sàn gỗ,木地板
2233,七、酒店住宿、房屋租赁与日常家务,Thảm,地毯
2234,七、酒店住宿、房屋租赁与日常家务,Rèm cửa,窗帘
2235,七、酒店住宿、房屋租赁与日常家务,Màn,蚊帐（北方）
2236,七、酒店住宿、房屋租赁与日常家务,Chiếu,草席；凉席
2237,七、酒店住宿、房屋租赁与日常家务,Chăn bông,羽绒被
2238,七、酒店住宿、房屋租赁与日常家务,Tủ đầu giường,床头柜
2239,七、酒店住宿、房屋租赁与日常家务,Bàn trang điểm,梳妆台
2240,七、酒店住宿、房屋租赁与日常家务,Bàn làm việc,办公桌
2241,七、酒店住宿、房屋租赁与日常家务,Ghế sofa,沙发
2242,七、酒店住宿、房屋租赁与日常家务,Ghế xoay,转椅
2243,七、酒店住宿、房屋租赁与日常家务,Kệ sách,书架
2244,七、酒店住宿、房屋租赁与日常家务,Đèn bàn,台灯
2245,七、酒店住宿、房屋租赁与日常家务,Đèn trần,吊灯
2246,七、酒店住宿、房屋租赁与日常家务,Đèn ngủ,床头灯
2247,七、酒店住宿、房屋租赁与日常家务,Đồng hồ điện,电表
2248,七、酒店住宿、房屋租赁与日常家务,Đồng hồ nước,水表
2249,七、酒店住宿、房屋租赁与日常家务,Mất nước,停水
2250,七、酒店住宿、房屋租赁与日常家务,vở,笔记本
2251,七、酒店住宿、房屋租赁与日常家务,mồm (miệng),嘴巴
2252,七、酒店住宿、房屋租赁与日常家务,đèn pin,手电筒
2253,七、酒店住宿、房屋租赁与日常家务,bàn học,书桌
2254,七、酒店住宿、房屋租赁与日常家务,đồ dùng cho giường,床上用品
2255,七、酒店住宿、房屋租赁与日常家务,đưa hàng (ship hàng),送货
2256,七、酒店住宿、房屋租赁与日常家务,xuất trình,出示
2257,七、酒店住宿、房屋租赁与日常家务,thiếu mất,缺少；少了
2258,七、酒店住宿、房屋租赁与日常家务,dầu gội đầu,洗发水
2259,七、酒店住宿、房屋租赁与日常家务,Hoa sen,莲花；荷花
2260,七、酒店住宿、房屋租赁与日常家务,tắm vòi hoa sen,淋浴
2261,七、酒店住宿、房屋租赁与日常家务,bồn tiểu,小便池
2262,七、酒店住宿、房屋租赁与日常家务,chậu rửa mặt,洗手池
2263,七、酒店住宿、房屋租赁与日常家务,bàn chải đánh răng,牙刷
2264,七、酒店住宿、房屋租赁与日常家务,mở điều hòa,开空调
2265,七、酒店住宿、房屋租赁与日常家务,lò vi sóng,微波炉
2266,七、酒店住宿、房屋租赁与日常家务,ấm đun nước,烧水壶
2267,七、酒店住宿、房屋租赁与日常家务,lên tầng,上楼
2268,七、酒店住宿、房屋租赁与日常家务,xuống tầng,下楼
2269,七、酒店住宿、房屋租赁与日常家务,làm mất,弄丢
2270,七、酒店住宿、房屋租赁与日常家务,nhà chung cư,公寓楼；商品房
2271,七、酒店住宿、房屋租赁与日常家务,khu ngoại ô,郊区
2272,七、酒店住宿、房屋租赁与日常家务,1 lô đất,一块地
2273,七、酒店住宿、房屋租赁与日常家务,cố định,固定
2274,七、酒店住宿、房屋租赁与日常家务,xây nhà,建房
2275,七、酒店住宿、房屋租赁与日常家务,Mất điện,停电
2276,七、酒店住宿、房屋租赁与日常家务,Sửa điện,修电
2277,七、酒店住宿、房屋租赁与日常家务,Sửa nước,修水
2278,七、酒店住宿、房屋租赁与日常家务,Thợ sửa,维修工
2279,七、酒店住宿、房屋租赁与日常家务,Bảo trì,保养 / 维护
2280,七、酒店住宿、房屋租赁与日常家务,Vệ sinh,卫生 / 清洁
2281,七、酒店住宿、房屋租赁与日常家务,Dọn phòng,打扫房间
2282,七、酒店住宿、房屋租赁与日常家务,Dọn nhà,打扫房子
2283,七、酒店住宿、房屋租赁与日常家务,Giặt giũ,洗涤
2284,七、酒店住宿、房屋租赁与日常家务,Giặt tay,手洗
2285,七、酒店住宿、房屋租赁与日常家务,Giặt máy,机洗
2286,七、酒店住宿、房屋租赁与日常家务,Phơi đồ,晾衣服
2287,七、酒店住宿、房屋租赁与日常家务,Gấp quần áo,叠衣服
2288,七、酒店住宿、房屋租赁与日常家务,Xếp đồ,整理东西
2289,七、酒店住宿、房屋租赁与日常家务,Sắp xếp,整理 / 安排；安排
2290,七、酒店住宿、房屋租赁与日常家务,Ngăn nắp,整齐
2291,七、酒店住宿、房屋租赁与日常家务,Ẩm thấp,潮湿
2292,七、酒店住宿、房屋租赁与日常家务,Ẩm mốc,发霉
2293,七、酒店住宿、房屋租赁与日常家务,Gián,蟑螂
2294,七、酒店住宿、房屋租赁与日常家务,Muỗi,蚊子
2295,七、酒店住宿、房屋租赁与日常家务,Ruồi,苍蝇
2296,七、酒店住宿、房屋租赁与日常家务,Kiến,蚂蚁
2297,七、酒店住宿、房屋租赁与日常家务,Mùi hôi,臭味
2298,七、酒店住宿、房屋租赁与日常家务,Mùi thơm,香味
2299,七、酒店住宿、房屋租赁与日常家务,Khử mùi,除味
2300,七、酒店住宿、房屋租赁与日常家务,Hút thuốc,吸烟
2301,七、酒店住宿、房屋租赁与日常家务,Cấm hút thuốc,禁止吸烟
2302,七、酒店住宿、房屋租赁与日常家务,Đi vệ sinh,上厕所
2303,七、酒店住宿、房屋租赁与日常家务,Đi tiểu,小便
2304,七、酒店住宿、房屋租赁与日常家务,Xả nước,冲水
2305,七、酒店住宿、房屋租赁与日常家务,Tắc bồn cầu,马桶堵塞
2306,七、酒店住宿、房屋租赁与日常家务,Cống,下水道
2307,七、酒店住宿、房屋租赁与日常家务,Bồn tắm,浴缸
2308,七、酒店住宿、房屋租赁与日常家务,Xà phòng,肥皂；洗衣粉
2309,七、酒店住宿、房屋租赁与日常家务,Dầu xả,护发素
2310,七、酒店住宿、房屋租赁与日常家务,Dao cạo,剃须刀
2311,七、酒店住宿、房屋租赁与日常家务,Chỉ nha khoa,牙线
2312,七、酒店住宿、房屋租赁与日常家务,Khăn lau,抹布
2313,七、酒店住宿、房屋租赁与日常家务,Giẻ lau nhà,拖布
2314,七、酒店住宿、房屋租赁与日常家务,Xô,水桶
2315,七、酒店住宿、房屋租赁与日常家务,Cây lau nhà,拖把
2316,七、酒店住宿、房屋租赁与日常家务,Túi rác,垃圾袋
2317,七、酒店住宿、房屋租赁与日常家务,Giá phơi quần áo,晾衣架
2318,七、酒店住宿、房屋租赁与日常家务,Kẹp quần áo,晾衣夹
2319,七、酒店住宿、房屋租赁与日常家务,tắm,洗澡
2320,七、酒店住宿、房屋租赁与日常家务,ngủ,睡觉
2321,七、酒店住宿、房屋租赁与日常家务,quét,扫；打扫
2322,七、酒店住宿、房屋租赁与日常家务,rửa,洗
2323,七、酒店住宿、房屋租赁与日常家务,giặt,洗（衣服）
2324,七、酒店住宿、房屋租赁与日常家务,tắm rửa,洗澡；洗漱
2325,七、酒店住宿、房屋租赁与日常家务,soi gương,照镜子
2326,七、酒店住宿、房屋租赁与日常家务,cạo râu,刮胡子
2327,七、酒店住宿、房屋租赁与日常家务,vòi sen,淋浴喷头；花洒
2328,七、酒店住宿、房屋租赁与日常家务,vườn,园子；花园
2329,七、酒店住宿、房屋租赁与日常家务,trong nhà,在室内；在家
2330,七、酒店住宿、房屋租赁与日常家务,thanh điệu,声调
2331,七、酒店住宿、房屋租赁与日常家务,chưa thể,还不能
2332,七、酒店住宿、房屋租赁与日常家务,đơn,药单
2333,七、酒店住宿、房屋租赁与日常家务,nằm viện,住院
2334,七、酒店住宿、房屋租赁与日常家务,ngoài ... còn ...,除了 … 还
2335,七、酒店住宿、房屋租赁与日常家务,khí hậu,气候
2336,七、酒店住宿、房屋租赁与日常家务,đồ dùng,器皿
2337,七、酒店住宿、房屋租赁与日常家务,dao kéo,刀具
2338,七、酒店住宿、房屋租赁与日常家务,nắng nhẹ,柔和的阳光
2339,七、酒店住宿、房屋租赁与日常家务,phòng,房间
2340,七、酒店住宿、房屋租赁与日常家务,thủ tướng,总理
2341,七、酒店住宿、房屋租赁与日常家务,nhấn mạnh,强调
2342,七、酒店住宿、房屋租赁与日常家务,ngành giáo dục educati,教育部门
2343,七、酒店住宿、房屋租赁与日常家务,học đường,校园
2344,七、酒店住宿、房屋租赁与日常家务,giữ chân,留住
2345,七、酒店住宿、房屋租赁与日常家务,suốt,整整
2346,七、酒店住宿、房屋租赁与日常家务,danh sách,名单
2347,七、酒店住宿、房屋租赁与日常家务,qu ê,家乡
2348,七、酒店住宿、房屋租赁与日常家务,qu ê hương,家乡
2349,七、酒店住宿、房屋租赁与日常家务,lý do,理由
2350,七、酒店住宿、房屋租赁与日常家务,ruộng bậc,梯田
2351,七、酒店住宿、房屋租赁与日常家务,không khí lạnh c,冷空气
2352,七、酒店住宿、房屋租赁与日常家务,rạp,电影院
2353,七、酒店住宿、房屋租赁与日常家务,thủ môn,守门员
2354,七、酒店住宿、房屋租赁与日常家务,tiền vệ,前卫
2355,七、酒店住宿、房屋租赁与日常家务,khu chung cư apartment complex,公寓
2356,七、酒店住宿、房屋租赁与日常家务,lập gia đình,成 家 / 结 婚
2357,七、酒店住宿、房屋租赁与日常家务,cả nh à,全家
2358,七、酒店住宿、房屋租赁与日常家务,tính đến chuyện gia đình,考虑成家之事
2359,七、酒店住宿、房屋租赁与日常家务,vẫn chưa,还没
2360,七、酒店住宿、房屋租赁与日常家务,được lọt vào danh sách,被列入名单
2361,七、酒店住宿、房屋租赁与日常家务,vẫn còn,还 /仍然
2362,七、酒店住宿、房屋租赁与日常家务,được công nhận,被公认
2363,七、酒店住宿、房屋租赁与日常家务,bộ phim,（部）电影
2364,七、酒店住宿、房屋租赁与日常家务,nh à cửa,房子
2365,七、酒店住宿、房屋租赁与日常家务,xuất viện,出院
2366,七、酒店住宿、房屋租赁与日常家务,nhập viện,住院
2367,七、酒店住宿、房屋租赁与日常家务,hiểu đúng,正确理解
2368,七、酒店住宿、房屋租赁与日常家务,tổn thương tâm lý,心理创伤
2369,七、酒店住宿、房屋租赁与日常家务,nền tảng,平台
2370,七、酒店住宿、房屋租赁与日常家务,được thế giới vinh danh,被世界推崇
2371,七、酒店住宿、房屋租赁与日常家务,ký tú cx á,宿舍
2372,七、酒店住宿、房屋租赁与日常家务,thu ê,租
2373,七、酒店住宿、房屋租赁与日常家务,că n hộ,公寓
2374,七、酒店住宿、房屋租赁与日常家务,to à nh à,（ 一 栋 ）楼
2375,七、酒店住宿、房屋租赁与日常家务,cánh cửa chính ma,正门
2376,七、酒店住宿、房屋租赁与日常家务,căn bếp,厨房
2377,七、酒店住宿、房屋租赁与日常家务,gọ ng à ng,整齐
2378,七、酒店住宿、房屋租赁与日常家务,ng ăn nắp,整齐
2379,七、酒店住宿、房屋租赁与日常家务,đồ đạc,家具
2380,七、酒店住宿、房屋租赁与日常家务,còn bảo rằng,还说
2381,七、酒店住宿、房屋租赁与日常家务,ánh nắng mặt trời suns,阳光
2382,七、酒店住宿、房屋租赁与日常家务,ánh náng suns,阳光
2383,七、酒店住宿、房屋租赁与日常家务,được gọi là,被称为
2384,七、酒店住宿、房屋租赁与日常家务,mái tum,阁楼
2385,七、酒店住宿、房屋租赁与日常家务,được sơn,被刷 (漆)
2386,七、酒店住宿、房屋租赁与日常家务,khoảng sân,院子
2387,七、酒店住宿、房屋租赁与日常家务,phòng bếp,厨房
2388,七、酒店住宿、房屋租赁与日常家务,nghệ sĩ,艺术家
2389,七、酒店住宿、房屋租赁与日常家务,chiếu phim,放映电影
2390,七、酒店住宿、房屋租赁与日常家务,xem phim,看电影
2391,七、酒店住宿、房屋租赁与日常家务,oxi,氧气
2392,七、酒店住宿、房屋租赁与日常家务,bậc thang đá,石楼梯
2393,七、酒店住宿、房屋租赁与日常家务,bị ô nhiễm,被污染
2394,七、酒店住宿、房屋租赁与日常家务,sự nóng lên toàn cầu,全球暖化
2395,七、酒店住宿、房屋租赁与日常家务,bị tuyệt chủng be,被灭绝
2396,七、酒店住宿、房屋租赁与日常家务,rối loạn,混乱
2397,八、商务经贸、合同条款与物流生产,Thương mại,贸易；商贸
2398,八、商务经贸、合同条款与物流生产,Kinh tế,经济
2399,八、商务经贸、合同条款与物流生产,Kinh doanh,经营
2400,八、商务经贸、合同条款与物流生产,Làm ăn,做生意
2401,八、商务经贸、合同条款与物流生产,Buôn bán,买卖
2402,八、商务经贸、合同条款与物流生产,Xuất khẩu,出口
2403,八、商务经贸、合同条款与物流生产,Nhập khẩu,进口
2404,八、商务经贸、合同条款与物流生产,Bán buôn,批发
2405,八、商务经贸、合同条款与物流生产,Bán lẻ,零售
2406,八、商务经贸、合同条款与物流生产,Công ty,公司
2407,八、商务经贸、合同条款与物流生产,Nhà máy,工厂
2408,八、商务经贸、合同条款与物流生产,Nhà xưởng,厂房
2409,八、商务经贸、合同条款与物流生产,Văn phòng,办公室
2410,八、商务经贸、合同条款与物流生产,Chi nhánh,分公司；支行；分行
2411,八、商务经贸、合同条款与物流生产,Đại lý,代理
2412,八、商务经贸、合同条款与物流生产,Đối tác,合作伙伴
2413,八、商务经贸、合同条款与物流生产,Hợp đồng,合同
2414,八、商务经贸、合同条款与物流生产,Hiệp nghị,协议
2415,八、商务经贸、合同条款与物流生产,Điều khoản,条款
2416,八、商务经贸、合同条款与物流生产,Quy định,规定
2417,八、商务经贸、合同条款与物流生产,Ký kết,签订
2418,八、商务经贸、合同条款与物流生产,Ký tên,签字；签名
2419,八、商务经贸、合同条款与物流生产,Đàm phán,谈判
2420,八、商务经贸、合同条款与物流生产,Hội đàm,会谈
2421,八、商务经贸、合同条款与物流生产,Thương lượng,协商
2422,八、商务经贸、合同条款与物流生产,Thỏa thuận,达成协议
2423,八、商务经贸、合同条款与物流生产,Nhất trí,一致同意
2424,八、商务经贸、合同条款与物流生产,Cam kết,承诺
2425,八、商务经贸、合同条款与物流生产,Bảo đảm,保证
2426,八、商务经贸、合同条款与物流生产,Báo giá,报价
2427,八、商务经贸、合同条款与物流生产,Đơn hàng,订单
2428,八、商务经贸、合同条款与物流生产,Sản phẩm,产品
2429,八、商务经贸、合同条款与物流生产,Mẫu,样品
2430,八、商务经贸、合同条款与物流生产,Chất lượng,质量
2431,八、商务经贸、合同条款与物流生产,Số lượng,数量
2432,八、商务经贸、合同条款与物流生产,Tiêu chuẩn,标准
2433,八、商务经贸、合同条款与物流生产,Giá trị,价值
2434,八、商务经贸、合同条款与物流生产,Lợi nhuận,利润
2435,八、商务经贸、合同条款与物流生产,Lãi,盈利；赚；利润
2436,八、商务经贸、合同条款与物流生产,Lỗ vốn,亏本
2437,八、商务经贸、合同条款与物流生产,Thanh toán,结算
2438,八、商务经贸、合同条款与物流生产,Tiền đặt cọc,定金
2439,八、商务经贸、合同条款与物流生产,Số tiền còn lại,余款
2440,八、商务经贸、合同条款与物流生产,Tiền cước,运费
2441,八、商务经贸、合同条款与物流生产,Vận chuyển,运输
2442,八、商务经贸、合同条款与物流生产,Giao hàng,交货
2443,八、商务经贸、合同条款与物流生产,Nhận hàng,收货
2444,八、商务经贸、合同条款与物流生产,Bốc dỡ,装卸
2445,八、商务经贸、合同条款与物流生产,Nghiệm thu,验收
2446,八、商务经贸、合同条款与物流生产,Qua cân,过磅
2447,八、商务经贸、合同条款与物流生产,Kho hàng,仓库
2448,八、商务经贸、合同条款与物流生产,Container,集装箱
2449,八、商务经贸、合同条款与物流生产,Cảng,港口
2450,八、商务经贸、合同条款与物流生产,Bến bãi,货场
2451,八、商务经贸、合同条款与物流生产,Thông quan,通关
2452,八、商务经贸、合同条款与物流生产,Thuế,税
2453,八、商务经贸、合同条款与物流生产,Miễn thuế,免税
2454,八、商务经贸、合同条款与物流生产,Nộp thuế,缴税；纳税
2455,八、商务经贸、合同条款与物流生产,Trốn thuế,逃税
2456,八、商务经贸、合同条款与物流生产,Buôn lậu,走私
2457,八、商务经贸、合同条款与物流生产,Vi phạm,违约；违反
2458,八、商务经贸、合同条款与物流生产,Bồi thường,赔偿
2459,八、商务经贸、合同条款与物流生产,Tranh chấp,纠纷
2460,八、商务经贸、合同条款与物流生产,Xử lý,处理
2461,八、商务经贸、合同条款与物流生产,Pháp lý,法律的；法律效力
2462,八、商务经贸、合同条款与物流生产,Công chứng,公证
2463,八、商务经贸、合同条款与物流生产,Đại diện,代表
2464,八、商务经贸、合同条款与物流生产,Pháp nhân,法人
2465,八、商务经贸、合同条款与物流生产,Chuyển nhượng,转让
2466,八、商务经贸、合同条款与物流生产,Sang tên,过户
2467,八、商务经贸、合同条款与物流生产,Hoa hồng,提成 / 佣金
2468,八、商务经贸、合同条款与物流生产,Chi phí,费用；开支
2469,八、商务经贸、合同条款与物流生产,Đầu tư,投资
2470,八、商务经贸、合同条款与物流生产,Cổ phần,股份
2471,八、商务经贸、合同条款与物流生产,Liên doanh,合资；联营
2472,八、商务经贸、合同条款与物流生产,Sản xuất,生产
2473,八、商务经贸、合同条款与物流生产,Gia công,加工
2474,八、商务经贸、合同条款与物流生产,Kỹ thuật,技术
2475,八、商务经贸、合同条款与物流生产,Năng lực,能力
2476,八、商务经贸、合同条款与物流生产,Tiên tiến,先进
2477,八、商务经贸、合同条款与物流生产,Máy móc,机械
2478,八、商务经贸、合同条款与物流生产,Vật liệu,材料
2479,八、商务经贸、合同条款与物流生产,Nông sản,农产品
2480,八、商务经贸、合同条款与物流生产,Khoáng sản,矿产
2481,八、商务经贸、合同条款与物流生产,Công nghiệp,工业
2482,八、商务经贸、合同条款与物流生产,Phế liệu,废料
2483,八、商务经贸、合同条款与物流生产,Tiêu hủy,销毁
2484,八、商务经贸、合同条款与物流生产,Cạnh tranh,竞争
2485,八、商务经贸、合同条款与物流生产,Độc quyền,垄断
2486,八、商务经贸、合同条款与物流生产,Thị trường,市场
2487,八、商务经贸、合同条款与物流生产,Nhu cầu,需求
2488,八、商务经贸、合同条款与物流生产,Phân tích,分析
2489,八、商务经贸、合同条款与物流生产,Chiến lược,战略
2490,八、商务经贸、合同条款与物流生产,Quảng cáo,广告
2491,八、商务经贸、合同条款与物流生产,Thương hiệu,品牌
2492,八、商务经贸、合同条款与物流生产,Uy tín,信誉
2493,八、商务经贸、合同条款与物流生产,Dịch vụ,服务
2494,八、商务经贸、合同条款与物流生产,Chăm sóc,照顾 / 售后；照顾
2495,八、商务经贸、合同条款与物流生产,Giao dịch,交易
2496,八、商务经贸、合同条款与物流生产,Đơn đặt hàng,订单
2497,八、商务经贸、合同条款与物流生产,Thư tín,信函
2498,八、商务经贸、合同条款与物流生产,Email,电子邮件
2499,八、商务经贸、合同条款与物流生产,Fax,传真
2500,八、商务经贸、合同条款与物流生产,Gọi điện,打电话
2501,八、商务经贸、合同条款与物流生产,Trả lời,回复；回答
2502,八、商务经贸、合同条款与物流生产,Xác nhận,确认
2503,八、商务经贸、合同条款与物流生产,Hủy bỏ,取消
2504,八、商务经贸、合同条款与物流生产,Thay đổi,更改；改变
2505,八、商务经贸、合同条款与物流生产,Bổ sung,补充
2506,八、商务经贸、合同条款与物流生产,Hoàn thành,完成
2507,八、商务经贸、合同条款与物流生产,Báo cáo,报告
2508,八、商务经贸、合同条款与物流生产,Đánh giá,评价
2509,八、商务经贸、合同条款与物流生产,Giải quyết,解决
2510,八、商务经贸、合同条款与物流生产,Khó khăn,困难
2511,八、商务经贸、合同条款与物流生产,Thuận lợi,顺利
2512,八、商务经贸、合同条款与物流生产,Thành công,成功
2513,八、商务经贸、合同条款与物流生产,Thất bại,失败
2514,八、商务经贸、合同条款与物流生产,Phát triển,发展
2515,八、商务经贸、合同条款与物流生产,Ổn định,稳定
2516,八、商务经贸、合同条款与物流生产,Khủng hoảng,危机
2517,八、商务经贸、合同条款与物流生产,Phá sản,破产
2518,八、商务经贸、合同条款与物流生产,Nghỉ việc,辞职
2519,八、商务经贸、合同条款与物流生产,Tuyển dụng,招聘
2520,八、商务经贸、合同条款与物流生产,Phỏng vấn,面试
2521,八、商务经贸、合同条款与物流生产,Lương,工资
2522,八、商务经贸、合同条款与物流生产,Thưởng,奖金
2523,八、商务经贸、合同条款与物流生产,Bảo hiểm,保险
2524,八、商务经贸、合同条款与物流生产,Nghĩa vụ,义务
2525,八、商务经贸、合同条款与物流生产,Quyền lợi,权利
2526,八、商务经贸、合同条款与物流生产,Đồng ý,同意
2527,八、商务经贸、合同条款与物流生产,Phản đối,反对
2528,八、商务经贸、合同条款与物流生产,Ủng hộ,支持
2529,八、商务经贸、合同条款与物流生产,Cấm,禁止
2530,八、商务经贸、合同条款与物流生产,Bắt buộc,强制
2531,八、商务经贸、合同条款与物流生产,Tự nguyện,自愿
2532,八、商务经贸、合同条款与物流生产,Chính thức,正式
2533,八、商务经贸、合同条款与物流生产,Vĩnh viễn,永久
2534,八、商务经贸、合同条款与物流生产,Đa quốc gia,跨国
2535,八、商务经贸、合同条款与物流生产,Nội địa,国内
2536,八、商务经贸、合同条款与物流生产,Nước ngoài,国外
2537,八、商务经贸、合同条款与物流生产,Toàn cầu,全球
2538,八、商务经贸、合同条款与物流生产,Khu vực,区域
2539,八、商务经贸、合同条款与物流生产,Địa phương,地方
2540,八、商务经贸、合同条款与物流生产,Cơ sở,基础
2541,八、商务经贸、合同条款与物流生产,Hệ thống,系统
2542,八、商务经贸、合同条款与物流生产,Công nghệ,科技
2543,八、商务经贸、合同条款与物流生产,Phần mềm,软件
2544,八、商务经贸、合同条款与物流生产,Mạng,网络
2545,八、商务经贸、合同条款与物流生产,Dữ liệu,数据
2546,八、商务经贸、合同条款与物流生产,Bảo mật,保密
2547,八、商务经贸、合同条款与物流生产,An ninh,安全
2548,八、商务经贸、合同条款与物流生产,Chứng chỉ,证书
2549,八、商务经贸、合同条款与物流生产,Bằng cấp,文凭
2550,八、商务经贸、合同条款与物流生产,Hồ sơ,档案
2551,八、商务经贸、合同条款与物流生产,Lý lịch,履历 / 简历
2552,八、商务经贸、合同条款与物流生产,Ký nháy,简签
2553,八、商务经贸、合同条款与物流生产,Bản gốc,原件
2554,八、商务经贸、合同条款与物流生产,Bản sao,复印件
2555,八、商务经贸、合同条款与物流生产,Đóng gói bao bì,包装打标
2556,八、商务经贸、合同条款与物流生产,Nhãn hiệu,商标
2557,八、商务经贸、合同条款与物流生产,Xuất xứ,产地
2558,八、商务经贸、合同条款与物流生产,Quy cách,规格
2559,八、商务经贸、合同条款与物流生产,Trọng lượng,重量
2560,八、商务经贸、合同条款与物流生产,Kích thước,尺寸
2561,八、商务经贸、合同条款与物流生产,Dung tích,容量
2562,八、商务经贸、合同条款与物流生产,Xuất nhập khẩu,进出口
2563,八、商务经贸、合同条款与物流生产,Buôn bán qua biên giới,边境贸易
2564,八、商务经贸、合同条款与物流生产,Cửa khẩu quốc tế,国际口岸
2565,八、商务经贸、合同条款与物流生产,Tờ khai hải quan,报关单
2566,八、商务经贸、合同条款与物流生产,Kiểm hóa,查验
2567,八、商务经贸、合同条款与物流生产,Thông quan hàng hóa,货物通关
2568,八、商务经贸、合同条款与物流生产,Vận tải đường bộ,陆路运输
2569,八、商务经贸、合同条款与物流生产,Vận tải đường biển,海运
2570,八、商务经贸、合同条款与物流生产,Vận tải đường sắt,铁路运输
2571,八、商务经贸、合同条款与物流生产,Kho ngoại quan,保税仓库
2572,八、商务经贸、合同条款与物流生产,Hàng quá cảnh,过境货物
2573,八、商务经贸、合同条款与物流生产,Giấy phép kinh doanh,营业执照
2574,八、商务经贸、合同条款与物流生产,Đăng ký kinh doanh,注册登记
2575,八、商务经贸、合同条款与物流生产,Vốn điều lệ,注册资本
2576,八、商务经贸、合同条款与物流生产,Điều lệ công ty,公司章程
2577,八、商务经贸、合同条款与物流生产,Giám đốc điều hành,执行总经理
2578,八、商务经贸、合同条款与物流生产,Hợp đồng lao động,劳动合同
2579,八、商务经贸、合同条款与物流生产,Thử việc,试用期
2580,八、商务经贸、合同条款与物流生产,Lương cơ bản,基本工资
2581,八、商务经贸、合同条款与物流生产,Phụ cấp,补贴
2582,八、商务经贸、合同条款与物流生产,Bảo hiểm xã hội,社会保险
2583,八、商务经贸、合同条款与物流生产,Tăng ca,加班
2584,八、商务经贸、合同条款与物流生产,Nghỉ phép,休假
2585,八、商务经贸、合同条款与物流生产,Nghỉ ốm,病假
2586,八、商务经贸、合同条款与物流生产,Chấm công,打卡考勤
2587,八、商务经贸、合同条款与物流生产,Bảng lương,工资表
2588,八、商务经贸、合同条款与物流生产,Hợp đồng ngoại thương,外贸合同
2589,八、商务经贸、合同条款与物流生产,Phòng kinh doanh,业务部
2590,八、商务经贸、合同条款与物流生产,Xuất xứ hàng hóa,货物原产地
2591,八、商务经贸、合同条款与物流生产,Kiểm tra chất lượng,质量检验
2592,八、商务经贸、合同条款与物流生产,Doanh nghiệp,企业
2593,八、商务经贸、合同条款与物流生产,Doanh nhân,企业家
2594,八、商务经贸、合同条款与物流生产,Xí nghiệp,工厂 / 企业
2595,八、商务经贸、合同条款与物流生产,Tập đoàn,集团
2596,八、商务经贸、合同条款与物流生产,Công ty con,子公司
2597,八、商务经贸、合同条款与物流生产,Công ty mẹ,母公司
2598,八、商务经贸、合同条款与物流生产,Công ty TNHH,有限责任公司
2599,八、商务经贸、合同条款与物流生产,Công ty cổ phần,股份公司
2600,八、商务经贸、合同条款与物流生产,Doanh nghiệp nhà nước,国有企业
2601,八、商务经贸、合同条款与物流生产,Doanh nghiệp tư nhân,私营企业
2602,八、商务经贸、合同条款与物流生产,Văn phòng đại diện,代表处
2603,八、商务经贸、合同条款与物流生产,Trụ sở,总部
2604,八、商务经贸、合同条款与物流生产,Phòng ban,部门
2605,八、商务经贸、合同条款与物流生产,Phòng hành chính,行政部
2606,八、商务经贸、合同条款与物流生产,Phòng nhân sự,人事部
2607,八、商务经贸、合同条款与物流生产,Phòng kế toán,财务部
2608,八、商务经贸、合同条款与物流生产,Phòng marketing,市场部
2609,八、商务经贸、合同条款与物流生产,Phòng kỹ thuật,技术部
2610,八、商务经贸、合同条款与物流生产,Phòng sản xuất,生产部
2611,八、商务经贸、合同条款与物流生产,Nhân sự,人事 / 人员
2612,八、商务经贸、合同条款与物流生产,Ứng tuyển,应聘
2613,八、商务经贸、合同条款与物流生产,Nộp hồ sơ,投简历
2614,八、商务经贸、合同条款与物流生产,Hồ sơ xin việc,求职材料
2615,八、商务经贸、合同条款与物流生产,Trúng tuyển,被录用
2616,八、商务经贸、合同条款与物流生产,Thôi việc,离职
2617,八、商务经贸、合同条款与物流生产,Bị sa thải,被解雇
2618,八、商务经贸、合同条款与物流生产,Sa thải,解雇
2619,八、商务经贸、合同条款与物流生产,Từ chức,辞职
2620,八、商务经贸、合同条款与物流生产,Chuyển công tác,调职
2621,八、商务经贸、合同条款与物流生产,Thăng chức,升职
2622,八、商务经贸、合同条款与物流生产,Giáng chức,降职
2623,八、商务经贸、合同条款与物流生产,Chức vụ,职务
2624,八、商务经贸、合同条款与物流生产,Chức danh,职称
2625,八、商务经贸、合同条款与物流生产,Nhiệm vụ,任务 / 职责
2626,八、商务经贸、合同条款与物流生产,Phân công,分工
2627,八、商务经贸、合同条款与物流生产,Phối hợp,配合
2628,八、商务经贸、合同条款与物流生产,Họp,开会
2629,八、商务经贸、合同条款与物流生产,Cuộc họp,会议
2630,八、商务经贸、合同条款与物流生产,Biên bản,会议记录 / 纪要
2631,八、商务经贸、合同条款与物流生产,Chương trình,程序 / 方案
2632,八、商务经贸、合同条款与物流生产,Dự án,项目
2633,八、商务经贸、合同条款与物流生产,Tiến độ,进度
2634,八、商务经贸、合同条款与物流生产,Bàn giao,交接
2635,八、商务经贸、合同条款与物流生产,Tiếp nhận,接收
2636,八、商务经贸、合同条款与物流生产,Phản hồi,反馈
2637,八、商务经贸、合同条款与物流生产,Góp ý,提意见
2638,八、商务经贸、合同条款与物流生产,Ý kiến,意见
2639,八、商务经贸、合同条款与物流生产,Đề xuất,建议 / 提议
2640,八、商务经贸、合同条款与物流生产,Kiến nghị,建议 / 请求
2641,八、商务经贸、合同条款与物流生产,Quyết định,决定
2642,八、商务经贸、合同条款与物流生产,Nội quy,规章制度
2643,八、商务经贸、合同条款与物流生产,Quy chế,条例
2644,八、商务经贸、合同条款与物流生产,Quy trình,流程
2645,八、商务经贸、合同条款与物流生产,Quy tắc,规则
2646,八、商务经贸、合同条款与物流生产,Điều kiện,条件
2647,八、商务经贸、合同条款与物流生产,Yêu cầu,要求
2648,八、商务经贸、合同条款与物流生产,Cung cấp,提供
2649,八、商务经贸、合同条款与物流生产,Cung ứng,供应
2650,八、商务经贸、合同条款与物流生产,khai báo,申报
2651,八、商务经贸、合同条款与物流生产,xét xử,审判；处理
2652,八、商务经贸、合同条款与物流生产,cấp trên,上级
2653,八、商务经贸、合同条款与物流生产,chờ (đợi),等待
2654,八、商务经贸、合同条款与物流生产,thành lập,成立
2655,八、商务经贸、合同条款与物流生产,bình đẳng,平等
2656,八、商务经贸、合同条款与物流生产,cùng có lợi,互利
2657,八、商务经贸、合同条款与物流生产,có giá trị,生效
2658,八、商务经贸、合同条款与物流生产,danh thiếp,名片
2659,八、商务经贸、合同条款与物流生产,tiền cọc (tiền đặt cọc),订金
2660,八、商务经贸、合同条款与物流生产,ký nhận,签收
2661,八、商务经贸、合同条款与物流生产,phạm pháp,犯法
2662,八、商务经贸、合同条款与物流生产,giữ lại,扣留
2663,八、商务经贸、合同条款与物流生产,ngồi tù,坐牢
2664,八、商务经贸、合同条款与物流生产,cải tạo,改造
2665,八、商务经贸、合同条款与物流生产,bị bắt,被抓
2666,八、商务经贸、合同条款与物流生产,giang hồ,江湖；走江湖
2667,八、商务经贸、合同条款与物流生产,tiền công,工钱
2668,八、商务经贸、合同条款与物流生产,tiền lương,工资
2669,八、商务经贸、合同条款与物流生产,nhập hàng,进货
2670,八、商务经贸、合同条款与物流生产,tiền ăn,伙食费
2671,八、商务经贸、合同条款与物流生产,tiền ở,住宿费
2672,八、商务经贸、合同条款与物流生产,gia hạn visa,续签签证
2673,八、商务经贸、合同条款与物流生产,visa thương mại,商务签证
2674,八、商务经贸、合同条款与物流生产,visa công việc,工作签证
2675,八、商务经贸、合同条款与物流生产,chuyển phát nhanh,快递
2676,八、商务经贸、合同条款与物流生产,bằng hàng không,空运
2677,八、商务经贸、合同条款与物流生产,thuốc giả,假药
2678,八、商务经贸、合同条款与物流生产,đến từ,来自
2679,八、商务经贸、合同条款与物流生产,tổng cộng,总共
2680,八、商务经贸、合同条款与物流生产,đặt trước,预付
2681,八、商务经贸、合同条款与物流生产,tính riêng,另算
2682,八、商务经贸、合同条款与物流生产,luật đầu tư,投资法
2683,八、商务经贸、合同条款与物流生产,bốc hàng,提货；装货
2684,八、商务经贸、合同条款与物流生产,trong kho,在仓库
2685,八、商务经贸、合同条款与物流生产,hơi đắt,稍微贵
2686,八、商务经贸、合同条款与物流生产,trả tiền,付钱
2687,八、商务经贸、合同条款与物流生产,trả lương,发工资
2688,八、商务经贸、合同条款与物流生产,trả thuế,纳税；缴税
2689,八、商务经贸、合同条款与物流生产,đặt hàng,订货
2690,八、商务经贸、合同条款与物流生产,Khuyến mãi,促销
2691,八、商务经贸、合同条款与物流生产,thu mua,收购
2692,八、商务经贸、合同条款与物流生产,tiền vốn,本钱
2693,八、商务经贸、合同条款与物流生产,tuyển nhân viên,招聘
2694,八、商务经贸、合同条款与物流生产,tài vụ,财务
2695,八、商务经贸、合同条款与物流生产,ngoại thương,外贸；对外贸易
2696,八、商务经贸、合同条款与物流生产,tuyên bố,宣布
2697,八、商务经贸、合同条款与物流生产,hợp,符合；合适；合宜
2698,八、商务经贸、合同条款与物流生产,linh kiện,零件
2699,八、商务经贸、合同条款与物流生产,sòng phẳng,爽快；干脆（不拖欠）
2700,八、商务经贸、合同条款与物流生产,cho nợ,赊账；允许欠账
2701,八、商务经贸、合同条款与物流生产,tạm nhập,暂进（临时进口）
2702,八、商务经贸、合同条款与物流生产,tái xuất,复出口；转口
2703,八、商务经贸、合同条款与物流生产,khấu trừ,扣除
2704,八、商务经贸、合同条款与物流生产,mã hiệu,型号
2705,八、商务经贸、合同条款与物流生产,đơn giá,单价
2706,八、商务经贸、合同条款与物流生产,phế liệu (phế phẩm),废料；废品
2707,八、商务经贸、合同条款与物流生产,bằng không,否则
2708,八、商务经贸、合同条款与物流生产,tiêu thụ,销售；消费
2709,八、商务经贸、合同条款与物流生产,kim ngạch,金额；贸易额
2710,八、商务经贸、合同条款与物流生产,hàng chính hãng,正品
2711,八、商务经贸、合同条款与物流生产,tham rẻ,贪便宜
2712,八、商务经贸、合同条款与物流生产,mở rộng,开拓；扩大
2713,八、商务经贸、合同条款与物流生产,hết pin,没电
2714,八、商务经贸、合同条款与物流生产,chia phần,分份
2715,八、商务经贸、合同条款与物流生产,trông,看管；照看
2716,八、商务经贸、合同条款与物流生产,không kịp,来不及
2717,八、商务经贸、合同条款与物流生产,dinh dưỡng,营养
2718,八、商务经贸、合同条款与物流生产,uỷ thác,委托
2719,八、商务经贸、合同条款与物流生产,hiệp thương,协商
2720,八、商务经贸、合同条款与物流生产,thuê lại,转租
2721,八、商务经贸、合同条款与物流生产,phương thức,方式
2722,八、商务经贸、合同条款与物流生产,giữ lấy,保留
2723,八、商务经贸、合同条款与物流生产,nộp đủ,交齐；缴纳
2724,八、商务经贸、合同条款与物流生产,không giải quyết được,解决不了
2725,八、商务经贸、合同条款与物流生产,đơn phương,单方面
2726,八、商务经贸、合同条款与物流生产,căn cứ,根据
2727,八、商务经贸、合同条款与物流生产,tạm,暂；暂时
2728,八、商务经贸、合同条款与物流生产,chứa,储存；装
2729,八、商务经贸、合同条款与物流生产,nhân tạo,人造
2730,八、商务经贸、合同条款与物流生产,ngọc,玉
2731,八、商务经贸、合同条款与物流生产,cơ khí,机械
2732,八、商务经贸、合同条款与物流生产,thùng gỗ,木箱
2733,八、商务经贸、合同条款与物流生产,dụng cụ,工具
2734,八、商务经贸、合同条款与物流生产,thuyết minh,说明
2735,八、商务经贸、合同条款与物流生产,Chế tạo,制造
2736,八、商务经贸、合同条款与物流生产,Lắp ráp,组装
2737,八、商务经贸、合同条款与物流生产,Đóng thùng,装箱
2738,八、商务经贸、合同条款与物流生产,Xuất kho,出库
2739,八、商务经贸、合同条款与物流生产,Nhập kho,入库
2740,八、商务经贸、合同条款与物流生产,Tồn kho,库存
2741,八、商务经贸、合同条款与物流生产,Kiểm kê,盘点
2742,八、商务经贸、合同条款与物流生产,Kiểm định,检验
2743,八、商务经贸、合同条款与物流生产,Hàng lỗi,次品
2744,八、商务经贸、合同条款与物流生产,Hàng hỏng,坏货
2745,八、商务经贸、合同条款与物流生产,Khiếu nại,投诉
2746,八、商务经贸、合同条款与物流生产,Thắc mắc,疑问
2747,八、商务经贸、合同条款与物流生产,Hỗ trợ,支持 / 帮助
2748,八、商务经贸、合同条款与物流生产,Hỗ trợ khách hàng,客服
2749,八、商务经贸、合同条款与物流生产,Chăm sóc khách hàng,客户服务
2750,八、商务经贸、合同条款与物流生产,Ký hợp đồng,签合同
2751,八、商务经贸、合同条款与物流生产,Gia hạn hợp đồng,续约
2752,八、商务经贸、合同条款与物流生产,Chấm dứt hợp đồng,终止合同
2753,八、商务经贸、合同条款与物流生产,Phụ lục hợp đồng,合同附件
2754,八、商务经贸、合同条款与物流生产,Khoản,款项 / 条
2755,八、商务经贸、合同条款与物流生产,Mục,条款 / 项目
2756,八、商务经贸、合同条款与物流生产,Bên A,甲方
2757,八、商务经贸、合同条款与物流生产,Bên B,乙方
2758,八、商务经贸、合同条款与物流生产,Bên thứ ba,第三方
2759,八、商务经贸、合同条款与物流生产,Ủy quyền,委托 / 授权
2760,八、商务经贸、合同条款与物流生产,Giấy ủy quyền,委托书
2761,八、商务经贸、合同条款与物流生产,Giấy chứng nhận,证书
2762,八、商务经贸、合同条款与物流生产,Giấy phép,许可证
2763,八、商务经贸、合同条款与物流生产,Giấy phép lao động,工作许可证
2764,八、商务经贸、合同条款与物流生产,Giấy phép đầu tư,投资许可证
2765,八、商务经贸、合同条款与物流生产,Đăng ký thuế,税务登记
2766,八、商务经贸、合同条款与物流生产,Mã số thuế,税号
2767,八、商务经贸、合同条款与物流生产,Kê khai thuế,报税
2768,八、商务经贸、合同条款与物流生产,Hoàn thuế,退税
2769,八、商务经贸、合同条款与物流生产,Thuế nhập khẩu,进口税
2770,八、商务经贸、合同条款与物流生产,Thuế xuất khẩu,出口税
2771,八、商务经贸、合同条款与物流生产,Kiểm tra hàng hóa,验货
2772,八、商务经贸、合同条款与物流生产,Kho bãi,仓储
2773,八、商务经贸、合同条款与物流生产,Lưu kho,仓储保管
2774,八、商务经贸、合同条款与物流生产,Bảo quản,保管
2775,八、商务经贸、合同条款与物流生产,Hàng dễ vỡ,易碎品
2776,八、商务经贸、合同条款与物流生产,Hàng nguy hiểm,危险品
2777,八、商务经贸、合同条款与物流生产,Tịnh trọng,净重
2778,八、商务经贸、合同条款与物流生产,Tiếp thị,营销
2779,八、商务经贸、合同条款与物流生产,giao,交付；交货
2780,八、商务经贸、合同条款与物流生产,chắc,有可能
2781,八、商务经贸、合同条款与物流生产,bài ng,听力文章
2782,八、商务经贸、合同条款与物流生产,xin phép,请（允许）
2783,八、商务经贸、合同条款与物流生产,cho ... vào,放进
2784,八、商务经贸、合同条款与物流生产,hội thoại,会话
2785,八、商务经贸、合同条款与物流生产,kinh tế số,数字经济
2786,八、商务经贸、合同条款与物流生产,khoa học công nghệ,科技
2787,八、商务经贸、合同条款与物流生产,kinh tế xã hội,经济社会
2788,八、商务经贸、合同条款与物流生产,trải qua,经历
2789,八、商务经贸、合同条款与物流生产,tạo nên,创造出
2790,八、商务经贸、合同条款与物流生产,tăng cường,增加
2791,八、商务经贸、合同条款与物流生产,gây ra,引起/ 造成
2792,八、商务经贸、合同条款与物流生产,giám khảo,监考员
2793,八、商务经贸、合同条款与物流生产,giao tiếp xã hội,交际
2794,八、商务经贸、合同条款与物流生产,lời khuyên,建议
2795,八、商务经贸、合同条款与物流生产,kết hợp,结合
2796,八、商务经贸、合同条款与物流生产,nghề nghiệp,职业
2797,八、商务经贸、合同条款与物流生产,ra trường graduate,毕业
2798,八、商务经贸、合同条款与物流生产,ông bà ngoại,外公外婆
2799,八、商务经贸、合同条款与物流生产,được chế biến,做 / 加工
2800,八、商务经贸、合同条款与物流生产,hội nghị,会议
2801,八、商务经贸、合同条款与物流生产,ghi nhận,认可
2802,八、商务经贸、合同条款与物流生产,tiệm cận,接近
2803,八、商务经贸、合同条款与物流生产,tạo ra,创造
2804,八、商务经贸、合同条款与物流生产,thế hệ,代
2805,八、商务经贸、合同条款与物流生产,sự th,参加
2806,八、商务经贸、合同条款与物流生产,buổi họp,会议
2807,八、商务经贸、合同条款与物流生产,những tiến bộ,进步
2808,八、商务经贸、合同条款与物流生产,được phép,获许
2809,八、商务经贸、合同条款与物流生产,tệ nạn xã hội,社会弊病
2810,八、商务经贸、合同条款与物流生产,bí thư,书记
2811,八、商务经贸、合同条款与物流生产,định mức,定额
2812,八、商务经贸、合同条款与物流生产,đợt,批
2813,八、商务经贸、合同条款与物流生产,tin học,信息技术
2814,八、商务经贸、合同条款与物流生产,đãi ngộ,待遇
2815,八、商务经贸、合同条款与物流生产,cân nhắc,考虑
2816,八、商务经贸、合同条款与物流生产,tăng,增加
2817,八、商务经贸、合同条款与物流生产,đặt ra,提出
2818,八、商务经贸、合同条款与物流生产,việc xây dựng,建设
2819,八、商务经贸、合同条款与物流生产,tìm ra,找出
2820,八、商务经贸、合同条款与物流生产,xem xét,考虑
2821,八、商务经贸、合同条款与物流生产,nêu ra,提出
2822,八、商务经贸、合同条款与物流生产,yêu nghề love,敬业
2823,八、商务经贸、合同条款与物流生产,tương xứng với,与... 相配
2824,八、商务经贸、合同条款与物流生产,việc làm,工作
2825,八、商务经贸、合同条款与物流生产,đoạn trích,摘录/节选
2826,八、商务经贸、合同条款与物流生产,lễ hội,庙会
2827,八、商务经贸、合同条款与物流生产,tiếc quá,太可惜了
2828,八、商务经贸、合同条款与物流生产,nổi bật,突出
2829,八、商务经贸、合同条款与物流生产,trải nghiệm,体验
2830,八、商务经贸、合同条款与物流生产,nghệ thuật,艺术
2831,八、商务经贸、合同条款与物流生产,nền nông ng,农业
2832,八、商务经贸、合同条款与物流生产,gia tăng,增加
2833,八、商务经贸、合同条款与物流生产,th êm,增加
2834,八、商务经贸、合同条款与物流生产,chảy,流
2835,八、商务经贸、合同条款与物流生产,tìm cách,设法
2836,八、商务经贸、合同条款与物流生产,môn thể thao,体育项目
2837,八、商务经贸、合同条款与物流生产,hợp tá c,合作
2838,八、商务经贸、合同条款与物流生产,sá ng tạo,创造
2839,八、商务经贸、合同条款与物流生产,tác dụng,作用
2840,八、商务经贸、合同条款与物流生产,công dụng,作用
2841,八、商务经贸、合同条款与物流生产,hạ tầng,基础设施
2842,八、商务经贸、合同条款与物流生产,sự kết hợp,结合 ( 名 词 )
2843,八、商务经贸、合同条款与物流生产,giao tiếp,交际
2844,八、商务经贸、合同条款与物流生产,mục đí ch,目的
2845,八、商务经贸、合同条款与物流生产,chế biến,加工
2846,八、商务经贸、合同条款与物流生产,những nguyên liệu,原料
2847,八、商务经贸、合同条款与物流生产,thư kí,秘书
2848,八、商务经贸、合同条款与物流生产,đi công tác,出差
2849,八、商务经贸、合同条款与物流生产,tiến sĩ,博士
2850,八、商务经贸、合同条款与物流生产,hãng phim,制片厂
2851,八、商务经贸、合同条款与物流生产,công nhận,公认
2852,八、商务经贸、合同条款与物流生产,di sản,遗产
2853,八、商务经贸、合同条款与物流生产,gợi ý,建议
2854,八、商务经贸、合同条款与物流生产,chọn ra,选出
2855,八、商务经贸、合同条款与物流生产,quy mô,规模
2856,八、商务经贸、合同条款与物流生产,di sản vă n hó,世界文化遗产
2857,八、商务经贸、合同条款与物流生产,vin h danh,公认
2858,八、商务经贸、合同条款与物流生产,sự trải nghiệm,体验
2859,八、商务经贸、合同条款与物流生产,bất chấp,不管
2860,八、商务经贸、合同条款与物流生产,xã hội số digital,数字社会
2861,八、商务经贸、合同条款与物流生产,mẹo,技巧/妙招
2862,八、商务经贸、合同条款与物流生产,biết làm,会做
2863,八、商务经贸、合同条款与物流生产,tên sách,书名
2864,八、商务经贸、合同条款与物流生产,kỹ thuật số,数字技术
2865,八、商务经贸、合同条款与物流生产,võ cổ truyền,传统武术
2866,八、商务经贸、合同条款与物流生产,gọi tên,说 出 …… 名 称
2867,八、商务经贸、合同条款与物流生产,lập nghiệp,创业
2868,八、商务经贸、合同条款与物流生产,nhìn thấy,看见
2869,八、商务经贸、合同条款与物流生产,càng,更 / 更加
2870,八、商务经贸、合同条款与物流生产,trang trí,装饰 /设计
2871,八、商务经贸、合同条款与物流生产,chú gà trống,( 一 只 ) 公 鸡
2872,八、商务经贸、合同条款与物流生产,gà trống,公鸡
2873,八、商务经贸、合同条款与物流生产,đ áng yê u,可爱
2874,八、商务经贸、合同条款与物流生产,thì ra turns out,原来
2875,八、商务经贸、合同条款与物流生产,ch ào đó n,迎接
2876,八、商务经贸、合同条款与物流生产,vươn mình str,向上伸展
2877,八、商务经贸、合同条款与物流生产,ng,听见
2878,八、商务经贸、合同条款与物流生产,kỹ năng,技能
2879,八、商务经贸、合同条款与物流生产,ơi,表招呼)
2880,八、商务经贸、合同条款与物流生产,đặc sản,特产
2881,八、商务经贸、合同条款与物流生产,sáng tác,创作
2882,八、商务经贸、合同条款与物流生产,phù hợp với,符合于
2883,八、商务经贸、合同条款与物流生产,kiểm soát,控制
2884,八、商务经贸、合同条款与物流生产,tim mạch heart,心血管
2885,八、商务经贸、合同条款与物流生产,tập thể thao,做运动
2886,八、商务经贸、合同条款与物流生产,mạng xã hội,社交网络
2887,八、商务经贸、合同条款与物流生产,nhiên liệu hó,化石燃料
2888,八、商务经贸、合同条款与物流生产,công cộng,公共
2889,八、商务经贸、合同条款与物流生产,thay mặt,代表
2890,九、金融理财、股市交易与外汇结算,Tài chính,金融 / 财务
2891,九、金融理财、股市交易与外汇结算,Ngân hàng,银行
2892,九、金融理财、股市交易与外汇结算,Tiền,钱
2893,九、金融理财、股市交易与外汇结算,Tiền mặt,现金
2894,九、金融理财、股市交易与外汇结算,Chuyển khoản,转账
2895,九、金融理财、股市交易与外汇结算,Gửi tiền,存钱
2896,九、金融理财、股市交易与外汇结算,Rút tiền,取钱
2897,九、金融理财、股市交易与外汇结算,Tiết kiệm,储蓄；节省
2898,九、金融理财、股市交易与外汇结算,Tài khoản,账户
2899,九、金融理财、股市交易与外汇结算,Số tài khoản,账号
2900,九、金融理财、股市交易与外汇结算,Mở tài khoản,开户
2901,九、金融理财、股市交易与外汇结算,Thẻ ngân hàng,银行卡
2902,九、金融理财、股市交易与外汇结算,Thẻ tín dụng,信用卡
2903,九、金融理财、股市交易与外汇结算,Mật khẩu,密码
2904,九、金融理财、股市交易与外汇结算,Mã PIN,PIN 码
2905,九、金融理财、股市交易与外汇结算,Mã OTP,验证码
2906,九、金融理财、股市交易与外汇结算,Chữ ký số,电子签名
2907,九、金融理财、股市交易与外汇结算,Xác thực,认证
2908,九、金融理财、股市交易与外汇结算,Tỷ giá,汇率
2909,九、金融理财、股市交易与外汇结算,Hối đoái,外汇
2910,九、金融理财、股市交易与外汇结算,Đổi tiền,换钱
2911,九、金融理财、股市交易与外汇结算,Lãi suất,利率
2912,九、金融理财、股市交易与外汇结算,Vay tiền,贷款 / 借钱
2913,九、金融理财、股市交易与外汇结算,Trả nợ,还债
2914,九、金融理财、股市交易与外汇结算,Nợ,欠款；欠
2915,九、金融理财、股市交易与外汇结算,Đòi nợ,讨债
2916,九、金融理财、股市交易与外汇结算,Thu nhập,收入
2917,九、金融理财、股市交易与外汇结算,Cổ phiếu,股票
2918,九、金融理财、股市交易与外汇结算,Chứng khoán,证券
2919,九、金融理财、股市交易与外汇结算,Thị trường chứng khoán,股市
2920,九、金融理财、股市交易与外汇结算,Mua vào,买入
2921,九、金融理财、股市交易与外汇结算,Bán ra,卖出
2922,九、金融理财、股市交易与外汇结算,Rủi ro,风险
2923,九、金融理财、股市交易与外汇结算,Bất động sản,房地产
2924,九、金融理财、股市交易与外汇结算,Giá nhà,房价
2925,九、金融理财、股市交易与外汇结算,Giá đất,地价
2926,九、金融理财、股市交易与外汇结算,Tiềm năng,潜力
2927,九、金融理财、股市交易与外汇结算,Vốn,资本
2928,九、金融理财、股市交易与外汇结算,Bí tiền,缺钱
2929,九、金融理财、股市交易与外汇结算,Lạm phát,通货膨胀
2930,九、金融理财、股市交易与外汇结算,Khấu hao,折旧
2931,九、金融理财、股市交易与外汇结算,Cổ đông,股东
2932,九、金融理财、股市交易与外汇结算,Thuế thu nhập,所得税
2933,九、金融理财、股市交易与外汇结算,Thuế GTGT / VAT,增值税
2934,九、金融理财、股市交易与外汇结算,Đáo hạn,到期
2935,九、金融理财、股市交易与外汇结算,Tiền ảo,虚拟货币
2936,九、金融理财、股市交易与外汇结算,Ví điện tử,电子钱包
2937,九、金融理财、股市交易与外汇结算,ZaloPay,Zalo 支付
2938,九、金融理财、股市交易与外汇结算,Quét mã,扫码
2939,九、金融理财、股市交易与外汇结算,Chuyển khoản qua mạng,网银转账
2940,九、金融理财、股市交易与外汇结算,Thông báo số dư,余额通知
2941,九、金融理财、股市交易与外汇结算,Phí giao dịch,交易费
2942,九、金融理财、股市交易与外汇结算,Biên lai,收据
2943,九、金融理财、股市交易与外汇结算,Giải ngân,放款
2944,九、金融理财、股市交易与外汇结算,Lãi suất cơ bản,基准利率
2945,九、金融理财、股市交易与外汇结算,Tín dụng,信用
2946,九、金融理财、股市交易与外汇结算,Tăng trưởng,增长
2947,九、金融理财、股市交易与外汇结算,Suy thoái,衰退
2948,九、金融理财、股市交易与外汇结算,Lên giá,涨价
2949,九、金融理财、股市交易与外汇结算,Hạ giá,降价
2950,九、金融理财、股市交易与外汇结算,Tích lũy,积累
2951,九、金融理财、股市交易与外汇结算,Vàng,黄金；金
2952,九、金融理财、股市交易与外汇结算,Bạc,白银；银
2953,九、金融理财、股市交易与外汇结算,Ngoại hối,外汇
2954,九、金融理财、股市交易与外汇结算,Tỷ phú,亿万富翁
2955,九、金融理财、股市交易与外汇结算,Triệu phú,百万富翁
2956,九、金融理财、股市交易与外汇结算,Người giàu,富人
2957,九、金融理财、股市交易与外汇结算,Người nghèo,穷人
2958,九、金融理财、股市交易与外汇结算,Ngân sách,预算
2959,九、金融理财、股市交易与外汇结算,Trợ cấp,补贴
2960,九、金融理财、股市交易与外汇结算,Cứu trợ,救助 / 救济
2961,九、金融理财、股市交易与外汇结算,Cầm cố,抵押
2962,九、金融理财、股市交易与外汇结算,Thế chấp,按揭
2963,九、金融理财、股市交易与外汇结算,Trả góp,分期付款
2964,九、金融理财、股市交易与外汇结算,Hạn mức,额度
2965,九、金融理财、股市交易与外汇结算,Giao dịch viên,柜员
2966,九、金融理财、股市交易与外汇结算,Chi nhánh ngân hàng,银行分行
2967,九、金融理财、股市交易与外汇结算,Cây ATM,ATM 机
2968,九、金融理财、股市交易与外汇结算,Đổi mật khẩu,修改密码
2969,九、金融理财、股市交易与外汇结算,Khóa thẻ,冻结卡
2970,九、金融理财、股市交易与外汇结算,Mất thẻ,丢卡
2971,九、金融理财、股市交易与外汇结算,Rút tiền mặt,提现
2972,九、金融理财、股市交易与外汇结算,Tiền giả,假钞；假钱
2973,九、金融理财、股市交易与外汇结算,Máy đếm tiền,点钞机
2974,九、金融理财、股市交易与外汇结算,Tiền lẻ,零钱
2975,九、金融理财、股市交易与外汇结算,Tiền thối,找零
2976,九、金融理财、股市交易与外汇结算,Tiền xu,硬币
2977,九、金融理财、股市交易与外汇结算,Tờ 500.000 đồng,50万盾纸币
2978,九、金融理财、股市交易与外汇结算,Chuyển tiền quốc tế,国际汇款
2979,九、金融理财、股市交易与外汇结算,Tài khoản thanh toán,结算账户
2980,九、金融理财、股市交易与外汇结算,Ngân hàng nhà nước,国家银行
2981,九、金融理财、股市交易与外汇结算,Lãi suất tiết kiệm,存款利率
2982,九、金融理财、股市交易与外汇结算,Gửi tiết kiệm,定期存款
2983,九、金融理财、股市交易与外汇结算,Nạp tiền,充值
2984,九、金融理财、股市交易与外汇结算,Thanh toán điện tử,电子支付
2985,九、金融理财、股市交易与外汇结算,QR code,二维码
2986,九、金融理财、股市交易与外汇结算,Số dư tài khoản,账户余额
2987,九、金融理财、股市交易与外汇结算,Hạn mức rút tiền,取款限额
2988,九、金融理财、股市交易与外汇结算,Trả góp lãi suất 0%,零利率分期
2989,九、金融理财、股市交易与外汇结算,Tiết kiệm có kỳ hạn,定期储蓄
2990,九、金融理财、股市交易与外汇结算,Tiết kiệm không kỳ hạn,活期储蓄
2991,九、金融理财、股市交易与外汇结算,Tín dụng đen,高利贷；黑信贷
2992,九、金融理财、股市交易与外汇结算,Tiền tệ,货币
2993,九、金融理财、股市交易与外汇结算,Tiền giấy,纸币
2994,九、金融理财、股市交易与外汇结算,Tiền gửi,存款
2995,九、金融理财、股市交易与外汇结算,Nhận tiền,收钱
2996,九、金融理财、股市交易与外汇结算,Trả lãi,付息；付利息
2997,九、金融理财、股市交易与外汇结算,Tiền lãi,利息
2998,九、金融理财、股市交易与外汇结算,Gốc,本金
2999,九、金融理财、股市交易与外汇结算,Tiền gốc,本金
3000,九、金融理财、股市交易与外汇结算,Khoản vay,贷款
3001,九、金融理财、股市交易与外汇结算,Vay ngân hàng,银行贷款
3002,九、金融理财、股市交易与外汇结算,Bảo lãnh,担保
3003,九、金融理财、股市交易与外汇结算,Tài khoản tiết kiệm,储蓄账户
3004,九、金融理财、股市交易与外汇结算,Đóng tài khoản,销户
3005,九、金融理财、股市交易与外汇结算,Sổ tiết kiệm,存折
3006,九、金融理财、股市交易与外汇结算,Thẻ ghi nợ,借记卡
3007,九、金融理财、股市交易与外汇结算,Quên mật khẩu,忘记密码
3008,九、金融理财、股市交易与外汇结算,Báo mất thẻ,挂失
3009,九、金融理财、股市交易与外汇结算,Số thẻ,卡号
3010,九、金融理财、股市交易与外汇结算,Chữ ký,签名
3011,九、金融理财、股市交易与外汇结算,Xác minh,验证
3012,九、金融理财、股市交易与外汇结算,Séc,支票
3013,九、金融理财、股市交易与外汇结算,Bạt Thái,泰铢
3014,九、金融理财、股市交易与外汇结算,thẻ nạp tiền,充值卡
3015,九、金融理财、股市交易与外汇结算,chi tiêu,开销
3016,九、金融理财、股市交易与外汇结算,vay,借；借（钱）
3017,九、金融理财、股市交易与外汇结算,Tài sản,资产；财产
3018,九、金融理财、股市交易与外汇结算,Thuế thu nhập cá nhân,个人所得税
3019,九、金融理财、股市交易与外汇结算,Quầy giao dịch,营业柜台
3020,九、金融理财、股市交易与外汇结算,Xếp hàng,排队
3021,九、金融理财、股市交易与外汇结算,Phí dịch vụ,服务费
3022,九、金融理财、股市交易与外汇结算,Lãi suất cho vay,贷款利率
3023,九、金融理财、股市交易与外汇结算,Tất toán,结清
3024,九、金融理财、股市交易与外汇结算,Bảo hiểm nhân thọ,人寿保险
3025,九、金融理财、股市交易与外汇结算,Bảo hiểm xe,车险
3026,九、金融理财、股市交易与外汇结算,dùng,用
3027,九、金融理财、股市交易与外汇结算,những lợi ích,益处/好处/利益
3028,九、金融理财、股市交易与外汇结算,lấy nhau,结婚
3029,九、金融理财、股市交易与外汇结算,không lấy được nhau,不能结婚
3030,九、金融理财、股市交易与外汇结算,đôi lứa,情侣
3031,九、金融理财、股市交易与外汇结算,thông tin,信息
3032,九、金融理财、股市交易与外汇结算,nở,开
3033,九、金融理财、股市交易与外汇结算,tổng kết,总结
3034,九、金融理财、股市交易与外汇结算,căn bản,根本
3035,九、金融理财、股市交易与外汇结算,tình trạng,状况 / 情况
3036,九、金融理财、股市交易与外汇结算,chính sách,政策
3037,九、金融理财、股市交易与外汇结算,kết th úc,结束
3038,九、金融理财、股市交易与外汇结算,việc,事情
3039,九、金融理财、股市交易与外汇结算,cưới hỏi,结婚
3040,九、金融理财、股市交易与外汇结算,trung bình,平均
3041,九、金融理财、股市交易与外汇结算,hủy,取消
3042,九、金融理财、股市交易与外汇结算,căng thẳng,紧张
3043,九、金融理财、股市交易与外汇结算,yên bình,平静
3044,九、金融理财、股市交易与外汇结算,tí ch hợp,融入
3045,九、金融理财、股市交易与外汇结算,calo,卡洛里
3046,九、金融理财、股市交易与外汇结算,tổn thương,损伤
3047,九、金融理财、股市交易与外汇结算,ứng dụng,应用
3048,九、金融理财、股市交易与外汇结算,chuyện kết hôn,结婚之事
3049,九、金融理财、股市交易与外汇结算,hiện diện,存在
3050,九、金融理财、股市交易与外汇结算,ti êu,花费
3051,九、金融理财、股市交易与外汇结算,tình yêu thương,感情/爱
3052,九、金融理财、股市交易与外汇结算,să n chắc,结实
3053,九、金融理财、股市交易与外汇结算,sự lãng phí,浪费
3054,九、金融理财、股市交易与外汇结算,mức lãi,利润率
3055,九、金融理财、股市交易与外汇结算,mức lỗ,亏损率
3056,九、金融理财、股市交易与外汇结算,vui sướng happy/ glad,开心
3057,九、金融理财、股市交易与外汇结算,đôi trai gái,一对情侣
3058,九、金融理财、股市交易与外汇结算,lễ xin dâu,请期礼仪
3059,九、金融理财、股市交易与外汇结算,Ninh Bình,宁平
3060,九、金融理财、股市交易与外汇结算,người dùng,用户
3061,九、金融理财、股市交易与外汇结算,tin tức,信息
3062,九、金融理财、股市交易与外汇结算,miễn phí,免费
3063,九、金融理财、股市交易与外汇结算,tan chảy,融化
3064,九、金融理财、股市交易与外汇结算,Thái Bình Dương,太平洋
3065,九、金融理财、股市交易与外汇结算,quây quần,群聚 / 汇聚
3066,九、金融理财、股市交易与外汇结算,được tính vào,算在
3067,十、医疗健康、人体疾病与紧急求助,Y tế,医疗
3068,十、医疗健康、人体疾病与紧急求助,Bệnh viện,医院
3069,十、医疗健康、人体疾病与紧急求助,Phòng khám,诊所
3070,十、医疗健康、人体疾病与紧急求助,Hiệu thuốc,药店
3071,十、医疗健康、人体疾病与紧急求助,Bác sĩ,医生
3072,十、医疗健康、人体疾病与紧急求助,Y tá,护士
3073,十、医疗健康、人体疾病与紧急求助,Bệnh nhân,病人
3074,十、医疗健康、人体疾病与紧急求助,Khám bệnh,看病
3075,十、医疗健康、人体疾病与紧急求助,Chữa bệnh,治病
3076,十、医疗健康、人体疾病与紧急求助,Điều trị,治疗
3077,十、医疗健康、人体疾病与紧急求助,Bệnh,病
3078,十、医疗健康、人体疾病与紧急求助,Ốm,生病
3079,十、医疗健康、人体疾病与紧急求助,Khỏe,健康；强壮（身体好）
3080,十、医疗健康、人体疾病与紧急求助,Mệt,累
3081,十、医疗健康、人体疾病与紧急求助,Khó chịu,难受
3082,十、医疗健康、人体疾病与紧急求助,Đau,痛
3083,十、医疗健康、人体疾病与紧急求助,Cảm / Cảm cúm,感冒
3084,十、医疗健康、人体疾病与紧急求助,Sốt,发烧
3085,十、医疗健康、人体疾病与紧急求助,Ho,咳嗽
3086,十、医疗健康、人体疾病与紧急求助,Chóng mặt,头晕
3087,十、医疗健康、人体疾病与紧急求助,Nhức đầu / Đau đầu,头痛
3088,十、医疗健康、人体疾病与紧急求助,Đau bụng,肚子痛
3089,十、医疗健康、人体疾病与紧急求助,Đau họng,喉咙痛
3090,十、医疗健康、人体疾病与紧急求助,Đau răng,牙痛
3091,十、医疗健康、人体疾病与紧急求助,Đau dạ dày,胃痛
3092,十、医疗健康、人体疾病与紧急求助,Hắt hơi,打喷嚏
3093,十、医疗健康、人体疾病与紧急求助,Sổ mũi,流鼻涕（感冒症状）
3094,十、医疗健康、人体疾病与紧急求助,Nghẹt mũi,鼻塞
3095,十、医疗健康、人体疾病与紧急求助,Dị ứng,过敏
3096,十、医疗健康、人体疾病与紧急求助,Mề đay,荨麻疹（风疹块）
3097,十、医疗健康、人体疾病与紧急求助,Hen suyễn,哮喘
3098,十、医疗健康、人体疾病与紧急求助,Viêm,发炎
3099,十、医疗健康、人体疾病与紧急求助,Bệnh mãn tính,慢性病
3100,十、医疗健康、人体疾病与紧急求助,Huyết áp,血压
3101,十、医疗健康、人体疾病与紧急求助,Nhiệt độ,体温；温度
3102,十、医疗健康、人体疾病与紧急求助,Cặp nhiệt độ,量体温
3103,十、医疗健康、人体疾病与紧急求助,Thuốc,药
3104,十、医疗健康、人体疾病与紧急求助,Uống thuốc,吃药
3105,十、医疗健康、人体疾病与紧急求助,Tiêm thuốc,打针
3106,十、医疗健康、人体疾病与紧急求助,Truyền nước,输液 / 打吊针
3107,十、医疗健康、人体疾病与紧急求助,Đơn thuốc,处方
3108,十、医疗健康、人体疾病与紧急求助,Thuốc tây,西药
3109,十、医疗健康、人体疾病与紧急求助,Thuốc bắc,中药
3110,十、医疗健康、人体疾病与紧急求助,Thuốc bổ,补药
3111,十、医疗健康、人体疾病与紧急求助,Khỏi bệnh,痊愈
3112,十、医疗健康、人体疾病与紧急求助,Ra viện,出院
3113,十、医疗健康、人体疾病与紧急求助,Ở viện / Nhập viện,住院
3114,十、医疗健康、人体疾病与紧急求助,Cơ thể,身体
3115,十、医疗健康、人体疾病与紧急求助,Đầu,头
3116,十、医疗健康、人体疾病与紧急求助,Tóc,头发
3117,十、医疗健康、人体疾病与紧急求助,Mặt,脸
3118,十、医疗健康、人体疾病与紧急求助,Mắt,眼睛
3119,十、医疗健康、人体疾病与紧急求助,Mũi,鼻子
3120,十、医疗健康、人体疾病与紧急求助,Miệng / Mồm,嘴
3121,十、医疗健康、人体疾病与紧急求助,Răng,牙齿
3122,十、医疗健康、人体疾病与紧急求助,Tai,耳朵
3123,十、医疗健康、人体疾病与紧急求助,Cổ,脖子
3124,十、医疗健康、人体疾病与紧急求助,Vai,肩膀
3125,十、医疗健康、人体疾病与紧急求助,Tay,手
3126,十、医疗健康、人体疾病与紧急求助,Cánh tay,手臂
3127,十、医疗健康、人体疾病与紧急求助,Ngón tay,手指
3128,十、医疗健康、人体疾病与紧急求助,Bụng,肚子
3129,十、医疗健康、人体疾病与紧急求助,Lưng,背
3130,十、医疗健康、人体疾病与紧急求助,Chân,脚 / 腿
3131,十、医疗健康、人体疾病与紧急求助,Đầu gối,膝盖
3132,十、医疗健康、人体疾病与紧急求助,Ngón chân,脚趾
3133,十、医疗健康、人体疾病与紧急求助,Da,皮肤
3134,十、医疗健康、人体疾病与紧急求助,Máu,血
3135,十、医疗健康、人体疾病与紧急求助,Tim,心脏
3136,十、医疗健康、人体疾病与紧急求助,Cấp cứu,急救
3137,十、医疗健康、人体疾病与紧急求助,Khẩn cấp,紧急
3138,十、医疗健康、人体疾病与紧急求助,Cứu hộ,救援
3139,十、医疗健康、人体疾病与紧急求助,Cứu mạng,救命
3140,十、医疗健康、人体疾病与紧急求助,Bị thương,受伤
3141,十、医疗健康、人体疾病与紧急求助,Tai nạn,事故
3142,十、医疗健康、人体疾病与紧急求助,Gọi 113,打 113 报警
3143,十、医疗健康、人体疾病与紧急求助,Gọi 115,打 115 急救
3144,十、医疗健康、人体疾病与紧急求助,Đại sứ quán,大使馆
3145,十、医疗健康、人体疾病与紧急求助,Lãnh sự quán,领事馆
3146,十、医疗健康、人体疾病与紧急求助,Mất hộ chiếu,丢护照
3147,十、医疗健康、人体疾病与紧急求助,Báo công an,报警
3148,十、医疗健康、人体疾病与紧急求助,Giúp đỡ,帮助
3149,十、医疗健康、人体疾病与紧急求助,Phẫu thuật,手术
3150,十、医疗健康、人体疾病与紧急求助,Khám răng,看牙
3151,十、医疗健康、人体疾病与紧急求助,Nhổ răng,拔牙
3152,十、医疗健康、人体疾病与紧急求助,Đau lưng,腰痛
3153,十、医疗健康、人体疾病与紧急求助,Băng gạc,绷带 / 纱布
3154,十、医疗健康、人体疾病与紧急求助,Cồn,酒精；医用酒精
3155,十、医疗健康、人体疾病与紧急求助,Xe cứu thương,救护车
3156,十、医疗健康、人体疾病与紧急求助,Phòng khám đa khoa,综合诊所
3157,十、医疗健康、人体疾病与紧急求助,Xét nghiệm,化验
3158,十、医疗健康、人体疾病与紧急求助,Siêu âm,超声波
3159,十、医疗健康、人体疾病与紧急求助,Mang thai,怀孕
3160,十、医疗健康、人体疾病与紧急求助,Sinh đẻ,生育
3161,十、医疗健康、人体疾病与紧急求助,Bảo hiểm y tế,医疗保险
3162,十、医疗健康、人体疾病与紧急求助,Khám sức khỏe,体检
3163,十、医疗健康、人体疾病与紧急求助,Đo huyết áp,量血压
3164,十、医疗健康、人体疾病与紧急求助,Kê đơn,开处方
3165,十、医疗健康、人体疾病与紧急求助,Mua thuốc,买药
3166,十、医疗健康、人体疾病与紧急求助,Dược sĩ,药剂师
3167,十、医疗健康、人体疾病与紧急求助,Bệnh viện đa khoa,综合医院
3168,十、医疗健康、人体疾病与紧急求助,Phòng cấp cứu,急诊室
3169,十、医疗健康、人体疾病与紧急求助,Giường bệnh,病床
3170,十、医疗健康、人体疾病与紧急求助,Vết thương,伤口
3171,十、医疗健康、人体疾病与紧急求助,Gãy xương,骨折
3172,十、医疗健康、人体疾病与紧急求助,Bỏng,烫伤
3173,十、医疗健康、人体疾病与紧急求助,Chảy máu,流血
3174,十、医疗健康、人体疾病与紧急求助,Sốt xuất huyết,登革热
3175,十、医疗健康、人体疾病与紧急求助,Cảm lạnh,着凉
3176,十、医疗健康、人体疾病与紧急求助,Viêm họng,咽喉炎
3177,十、医疗健康、人体疾病与紧急求助,Buồn nôn,恶心
3178,十、医疗健康、人体疾病与紧急求助,Nôn mửa,呕吐
3179,十、医疗健康、人体疾病与紧急求助,Tiêu chảy,腹泻
3180,十、医疗健康、人体疾病与紧急求助,Táo bón,便秘
3181,十、医疗健康、人体疾病与紧急求助,Bệnh tiểu đường,糖尿病
3182,十、医疗健康、人体疾病与紧急求助,Huyết áp cao,高血压
3183,十、医疗健康、人体疾病与紧急求助,Nhịp tim,心跳
3184,十、医疗健康、人体疾病与紧急求助,Thở khó,呼吸困难
3185,十、医疗健康、人体疾病与紧急求助,Viêm phổi,肺炎
3186,十、医疗健康、人体疾病与紧急求助,Lao động quá sức,过度劳累
3187,十、医疗健康、人体疾病与紧急求助,Châm cứu,针灸
3188,十、医疗健康、人体疾病与紧急求助,Đông y,中医
3189,十、医疗健康、人体疾病与紧急求助,Tây y,西医
3190,十、医疗健康、人体疾病与紧急求助,Trạm y tế,卫生站
3191,十、医疗健康、人体疾病与紧急求助,Bác sĩ đa khoa,全科医生
3192,十、医疗健康、人体疾病与紧急求助,Đăng ký khám,挂号
3193,十、医疗健康、人体疾病与紧急求助,Khám tổng quát,全面体检
3194,十、医疗健康、人体疾病与紧急求助,Chẩn đoán,诊断
3195,十、医疗健康、人体疾病与紧急求助,Bốc thuốc,抓药
3196,十、医疗健康、人体疾病与紧急求助,Uống thuốc sau ăn,饭后服药
3197,十、医疗健康、人体疾病与紧急求助,Tiêm phòng,打疫苗
3198,十、医疗健康、人体疾病与紧急求助,Tiêm chủng,接种疫苗
3199,十、医疗健康、人体疾病与紧急求助,Vắc xin,疫苗
3200,十、医疗健康、人体疾病与紧急求助,Xét nghiệm máu,验血
3201,十、医疗健康、人体疾病与紧急求助,Chụp X-quang,拍X光
3202,十、医疗健康、人体疾病与紧急求助,Sốt cao,高烧
3203,十、医疗健康、人体疾病与紧急求助,Cúm,流感
3204,十、医疗健康、人体疾病与紧急求助,Viêm phế quản,支气管炎
3205,十、医疗健康、人体疾病与紧急求助,Viêm dạ dày,胃炎
3206,十、医疗健康、人体疾病与紧急求助,Đau vai,肩膀痛
3207,十、医疗健康、人体疾病与紧急求助,Đau khớp,关节痛
3208,十、医疗健康、人体疾病与紧急求助,Đầy bụng,腹胀
3209,十、医疗健康、人体疾病与紧急求助,Khó tiêu,消化不良
3210,十、医疗健康、人体疾病与紧急求助,Phát ban,出疹子
3211,十、医疗健康、人体疾病与紧急求助,Ngứa,痒
3212,十、医疗健康、人体疾病与紧急求助,Bệnh ngoài da,皮肤病
3213,十、医疗健康、人体疾病与紧急求助,Bệnh truyền nhiễm,传染病
3214,十、医疗健康、人体疾病与紧急求助,Bệnh tim,心脏病
3215,十、医疗健康、人体疾病与紧急求助,Bệnh gan,肝病
3216,十、医疗健康、人体疾病与紧急求助,Bệnh thận,肾病
3217,十、医疗健康、人体疾病与紧急求助,Ung thư,癌症
3218,十、医疗健康、人体疾病与紧急求助,Khối u,肿瘤
3219,十、医疗健康、人体疾病与紧急求助,Mổ,手术 / 开刀
3220,十、医疗健康、人体疾病与紧急求助,Băng bó,包扎
3221,十、医疗健康、人体疾病与紧急求助,Băng cá nhân,创可贴
3222,十、医疗健康、人体疾病与紧急求助,Bông y tế,药棉
3223,十、医疗健康、人体疾病与紧急求助,Thuốc giảm đau,止痛药
3224,十、医疗健康、人体疾病与紧急求助,Thuốc hạ sốt,退烧药
3225,十、医疗健康、人体疾病与紧急求助,Thuốc ho,止咳药
3226,十、医疗健康、人体疾病与紧急求助,Thuốc kháng sinh,抗生素
3227,十、医疗健康、人体疾病与紧急求助,Thuốc bôi,外用药膏
3228,十、医疗健康、人体疾病与紧急求助,Thuốc uống,口服药
3229,十、医疗健康、人体疾病与紧急求助,Hết hạn,过期
3230,十、医疗健康、人体疾病与紧急求助,Tác dụng phụ,副作用
3231,十、医疗健康、人体疾病与紧急求助,Hồi phục,恢复
3232,十、医疗健康、人体疾病与紧急求助,Nghỉ ngơi,休息
3233,十、医疗健康、人体疾病与紧急求助,Sơ cứu,初步急救
3234,十、医疗健康、人体疾病与紧急求助,Ngất xỉu,晕倒
3235,十、医疗健康、人体疾病与紧急求助,Bất tỉnh,昏迷
3236,十、医疗健康、人体疾病与紧急求助,Say nắng,中暑
3237,十、医疗健康、人体疾病与紧急求助,Say tàu xe,晕车晕船
3238,十、医疗健康、人体疾病与紧急求助,Say rượu,醉酒
3239,十、医疗健康、人体疾病与紧急求助,Ngộ độc thực phẩm,食物中毒
3240,十、医疗健康、人体疾病与紧急求助,Rắn cắn,蛇咬
3241,十、医疗健康、人体疾病与紧急求助,Chó cắn,狗咬
3242,十、医疗健康、人体疾病与紧急求助,Đứt tay,割伤手
3243,十、医疗健康、人体疾病与紧急求助,Trầy xước,擦伤
3244,十、医疗健康、人体疾病与紧急求助,Bong gân,扭伤
3245,十、医疗健康、人体疾病与紧急求助,Trật khớp,脱臼
3246,十、医疗健康、人体疾病与紧急求助,Nạng,腋下拐杖；双拐
3247,十、医疗健康、人体疾病与紧急求助,Xe lăn,轮椅
3248,十、医疗健康、人体疾病与紧急求助,Có bầu,怀孕（口语）
3249,十、医疗健康、人体疾病与紧急求助,Khám thai,产检
3250,十、医疗健康、人体疾病与紧急求助,bị cảm,感冒（着凉）
3251,十、医疗健康、人体疾病与紧急求助,bị ốm,生病
3252,十、医疗健康、人体疾病与紧急求助,bị điên,发疯
3253,十、医疗健康、人体疾病与紧急求助,bị đánh,被打
3254,十、医疗健康、人体疾病与紧急求助,bị hỏng,坏了（被弄坏）
3255,十、医疗健康、人体疾病与紧急求助,xin nghỉ phép,请假
3256,十、医疗健康、人体疾病与紧急求助,mong (hy vọng),希望
3257,十、医疗健康、人体疾病与紧急求助,yên tâm,放心
3258,十、医疗健康、人体疾病与紧急求助,nhất định,一定
3259,十、医疗健康、人体疾病与紧急求助,phòng tập gym,健身房
3260,十、医疗健康、人体疾病与紧急求助,đi tập gym,去健身
3261,十、医疗健康、人体疾病与紧急求助,rèn luyện,锻炼
3262,十、医疗健康、人体疾病与紧急求助,gầy,瘦
3263,十、医疗健康、人体疾病与紧急求助,không khí,空气
3264,十、医疗健康、人体疾病与紧急求助,đủ tuổi,够年龄
3265,十、医疗健康、人体疾病与紧急求助,ngủ sớm dậy sớm,早睡早起
3266,十、医疗健康、人体疾病与紧急求助,Trẻ sơ sinh,新生儿
3267,十、医疗健康、人体疾病与紧急求助,Sức đề kháng,免疫力
3268,十、医疗健康、人体疾病与紧急求助,Thể dục,体育；体操
3269,十、医疗健康、人体疾病与紧急求助,Tập thể dục,锻炼身体；做操
3270,十、医疗健康、人体疾病与紧急求助,Chạy bộ,跑步
3271,十、医疗健康、人体疾病与紧急求助,Bơi lội,游泳
3272,十、医疗健康、人体疾病与紧急求助,Giảm cân,减肥
3273,十、医疗健康、人体疾病与紧急求助,Tăng cân,增重
3274,十、医疗健康、人体疾病与紧急求助,chữa lành,治愈；愈合
3275,十、医疗健康、人体疾病与紧急求助,nuốt,吞；咽
3276,十、医疗健康、人体疾病与紧急求助,thở,呼吸
3277,十、医疗健康、人体疾病与紧急求助,ngáp,打哈欠
3278,十、医疗健康、人体疾病与紧急求助,đẻ,生（孩子）；下（崽）
3279,十、医疗健康、人体疾病与紧急求助,cắn,咬
3280,十、医疗健康、人体疾病与紧急求助,nhổ,吐；拔
3281,十、医疗健康、人体疾病与紧急求助,trái tim,心脏；心
3282,十、医疗健康、人体疾病与紧急求助,khám,看 (病)
3283,十、医疗健康、人体疾病与紧急求助,dưa hành,腌葱头
3284,十、医疗健康、人体疾病与紧急求助,sức khỏe tâm thần,精神健康
3285,十、医疗健康、人体疾病与紧急求助,mối lo ngại c,担忧/ 顾虑/担心
3286,十、医疗健康、人体疾病与紧急求助,thảo dược,草药
3287,十、医疗健康、人体疾病与紧急求助,rác thải y tế,医疗垃圾
3288,十、医疗健康、人体疾病与紧急求助,lo,担心
3289,十、医疗健康、人体疾病与紧急求助,phổi,肺
3290,十、医疗健康、人体疾病与紧急求助,lo láng,担心
3291,十、医疗健康、人体疾病与紧急求助,da sáng khỏe smooth,健康亮丽的皮肤
3292,十、医疗健康、人体疾病与紧急求助,camera,摄像头
3293,十、医疗健康、人体疾病与紧急求助,ngẩng mặt,抬头
3294,十、医疗健康、人体疾病与紧急求助,sức khỏe củ,谁的健康
3295,十、医疗健康、人体疾病与紧急求助,sang chấn,创伤
3296,十、医疗健康、人体疾病与紧急求助,trầm cảm,抑郁症
3297,十、医疗健康、人体疾病与紧急求助,đỉnh đầu,头顶
3298,十、医疗健康、人体疾病与紧急求助,nghiêng đầu,侧头
3299,十、医疗健康、人体疾病与紧急求助,nước mắt,眼泪
3300,十、医疗健康、人体疾病与紧急求助,trên đầu,头上
3301,十、医疗健康、人体疾病与紧急求助,bụng dạ,心肠
3302,十、医疗健康、人体疾病与紧急求助,lòng tốt,好心
3303,十、医疗健康、人体疾病与紧急求助,tấm lòng tốt,（一片）好心/善心
3304,十、医疗健康、人体疾病与紧急求助,pa-tê,猪肝泥
3305,十、医疗健康、人体疾病与紧急求助,mắc ung thư,患有癌症
3306,十、医疗健康、人体疾病与紧急求助,ung thư phổi,肺癌
3307,十一、核心动词、形容词、连词与高频成语,Đi,去 / 走
3308,十一、核心动词、形容词、连词与高频成语,Về,回；关于
3309,十一、核心动词、形容词、连词与高频成语,Đến / Tới,到
3310,十一、核心动词、形容词、连词与高频成语,Lên,上
3311,十一、核心动词、形容词、连词与高频成语,Xuống,下
3312,十一、核心动词、形容词、连词与高频成语,Ra,出
3313,十一、核心动词、形容词、连词与高频成语,Vào,进
3314,十一、核心动词、形容词、连词与高频成语,Qua,过
3315,十一、核心动词、形容词、连词与高频成语,Lại,再 / 来
3316,十一、核心动词、形容词、连词与高频成语,Sang,过去
3317,十一、核心动词、形容词、连词与高频成语,Nói,说
3318,十一、核心动词、形容词、连词与高频成语,Nghe,听
3319,十一、核心动词、形容词、连词与高频成语,Đọc,读
3320,十一、核心动词、形容词、连词与高频成语,Viết,写
3321,十一、核心动词、形容词、连词与高频成语,Xem,看
3322,十一、核心动词、形容词、连词与高频成语,Nhìn,瞧
3323,十一、核心动词、形容词、连词与高频成语,Thấy,看见
3324,十一、核心动词、形容词、连词与高频成语,Hỏi,问
3325,十一、核心动词、形容词、连词与高频成语,Đáp / Trả lời,答
3326,十一、核心动词、形容词、连词与高频成语,Gọi,叫
3327,十一、核心动词、形容词、连词与高频成语,Làm,做
3328,十一、核心动词、形容词、连词与高频成语,Nghĩ,想
3329,十一、核心动词、形容词、连词与高频成语,Hiểu,懂
3330,十一、核心动词、形容词、连词与高频成语,Nhớ,记得 / 想念
3331,十一、核心动词、形容词、连词与高频成语,Quên,忘
3332,十一、核心动词、形容词、连词与高频成语,Biết,知道 / 会
3333,十一、核心动词、形容词、连词与高频成语,Học,学
3334,十一、核心动词、形容词、连词与高频成语,Dạy,教
3335,十一、核心动词、形容词、连词与高频成语,Chơi,玩
3336,十一、核心动词、形容词、连词与高频成语,Nghỉ,休息
3337,十一、核心动词、形容词、连词与高频成语,Trả,付 / 还
3338,十一、核心动词、形容词、连词与高频成语,Vay / Mượn,借
3339,十一、核心动词、形容词、连词与高频成语,Cho,给 / 让
3340,十一、核心动词、形容词、连词与高频成语,Nhận,收
3341,十一、核心动词、形容词、连词与高频成语,Gửi,寄 / 发送
3342,十一、核心动词、形容词、连词与高频成语,Cầm,拿
3343,十一、核心动词、形容词、连词与高频成语,Lấy,取 / 拿
3344,十一、核心动词、形容词、连词与高频成语,Mang,带
3345,十一、核心动词、形容词、连词与高频成语,Đặt / Để,放
3346,十一、核心动词、形容词、连词与高频成语,Cười,笑
3347,十一、核心动词、形容词、连词与高频成语,Khóc,哭
3348,十一、核心动词、形容词、连词与高频成语,Hát,唱
3349,十一、核心动词、形容词、连词与高频成语,Chạy,跑
3350,十一、核心动词、形容词、连词与高频成语,Đứng,站
3351,十一、核心动词、形容词、连词与高频成语,Ngồi,坐
3352,十一、核心动词、形容词、连词与高频成语,Nằm,躺
3353,十一、核心动词、形容词、连词与高频成语,Yêu,爱
3354,十一、核心动词、形容词、连词与高频成语,Thích,喜欢
3355,十一、核心动词、形容词、连词与高频成语,Ghét,讨厌
3356,十一、核心动词、形容词、连词与高频成语,Sợ,怕
3357,十一、核心动词、形容词、连词与高频成语,Tốt,好
3358,十一、核心动词、形容词、连词与高频成语,Cao,高
3359,十一、核心动词、形容词、连词与高频成语,Thấp,低
3360,十一、核心动词、形容词、连词与高频成语,To / Lớn,大
3361,十一、核心动词、形容词、连词与高频成语,Nhỏ / Bé,小
3362,十一、核心动词、形容词、连词与高频成语,Hẹp / Chật,窄 / 紧
3363,十一、核心动词、形容词、连词与高频成语,Muộn,晚
3364,十一、核心动词、形容词、连词与高频成语,Đắt,贵
3365,十一、核心动词、形容词、连词与高频成语,Nhiều,多
3366,十一、核心动词、形容词、连词与高频成语,Mới,新；才
3367,十一、核心动词、形容词、连词与高频成语,Cũ,旧
3368,十一、核心动词、形容词、连词与高频成语,Đúng,对
3369,十一、核心动词、形容词、连词与高频成语,Sai,错
3370,十一、核心动词、形容词、连词与高频成语,Sạch,干净
3371,十一、核心动词、形容词、连词与高频成语,Béo / Mập,胖
3372,十一、核心动词、形容词、连词与高频成语,Gầy / Ốm,瘦
3373,十一、核心动词、形容词、连词与高频成语,Khó,难
3374,十一、核心动词、形容词、连词与高频成语,Dễ,易
3375,十一、核心动词、形容词、连词与高频成语,Nóng,热
3376,十一、核心动词、形容词、连词与高频成语,Lạnh,冷
3377,十一、核心动词、形容词、连词与高频成语,Chăm chỉ,勤奋
3378,十一、核心动词、形容词、连词与高频成语,Lười,懒
3379,十一、核心动词、形容词、连词与高频成语,Vui vẻ,开心
3380,十一、核心动词、形容词、连词与高频成语,Buồn,伤心
3381,十一、核心动词、形容词、连词与高频成语,Ốm / Yếu,虚弱
3382,十一、核心动词、形容词、连词与高频成语,Rất / Quá / Lắm,很 / 太
3383,十一、核心动词、形容词、连词与高频成语,Hơi,稍微
3384,十一、核心动词、形容词、连词与高频成语,Đều,都
3385,十一、核心动词、形容词、连词与高频成语,Cũng,也
3386,十一、核心动词、形容词、连词与高频成语,Vẫn,仍；依然
3387,十一、核心动词、形容词、连词与高频成语,Đang,正
3388,十一、核心动词、形容词、连词与高频成语,Đã,已
3389,十一、核心动词、形容词、连词与高频成语,Sẽ,将
3390,十一、核心动词、形容词、连词与高频成语,Vừa... vừa...,又 ... 又 ...；一边……一边……
3391,十一、核心动词、形容词、连词与高频成语,Càng... càng...,越 ... 越 ...
3392,十一、核心动词、形容词、连词与高频成语,Nếu / Nếu mà,如果
3393,十一、核心动词、形容词、连词与高频成语,Thì,就 / 那么
3394,十一、核心动词、形容词、连词与高频成语,Vì / Bởi vì,因为
3395,十一、核心动词、形容词、连词与高频成语,Cho nên,所以
3396,十一、核心动词、形容词、连词与高频成语,Tuy / Tuy rằng,虽然
3397,十一、核心动词、形容词、连词与高频成语,Nhưng / Nhưng mà,但是
3398,十一、核心动词、形容词、连词与高频成语,Mặc dù,尽管
3399,十一、核心动词、形容词、连词与高频成语,Bất cứ,无论 / 不管
3400,十一、核心动词、形容词、连词与高频成语,Hoặc / Hay là,或者 / 还是
3401,十一、核心动词、形容词、连词与高频成语,Và / Với,和 / 跟
3402,十一、核心动词、形容词、连词与高频成语,Của,的
3403,十一、核心动词、形容词、连词与高频成语,Tại / Ở,在
3404,十一、核心动词、形容词、连词与高频成语,Từ,从
3405,十一、核心动词、形容词、连词与高频成语,Đến,到
3406,十一、核心动词、形容词、连词与高频成语,Để,为了 / 让
3407,十一、核心动词、形容词、连词与高频成语,Hơn,比 / 更
3408,十一、核心动词、形容词、连词与高频成语,Nhất,最
3409,十一、核心动词、形容词、连词与高频成语,Tiền trao cháo múc,一手交钱一手交货
3410,十一、核心动词、形容词、连词与高频成语,Tiền nào của ấy,一分钱一分货
3411,十一、核心动词、形容词、连词与高频成语,Nói một không hai,说一不二
3412,十一、核心动词、形容词、连词与高频成语,Mã đáo thành công,马到成功
3413,十一、核心动词、形容词、连词与高频成语,Làm ăn phát đạt,生意兴隆
3414,十一、核心动词、形容词、连词与高频成语,Thuận buồm xuôi gió,一帆风顺
3415,十一、核心动词、形容词、连词与高频成语,Trăm năm hạnh phúc,百年好合
3416,十一、核心动词、形容词、连词与高频成语,Đầu bạc răng long,白头偕老
3417,十一、核心动词、形容词、连词与高频成语,An khang thịnh vượng,安康兴隆
3418,十一、核心动词、形容词、连词与高频成语,Vạn sự như ý,万事如意
3419,十一、核心动词、形容词、连词与高频成语,Cầu được ước thấy,心想事成
3420,十一、核心动词、形容词、连词与高频成语,Tự lực cánh sinh,自力更生
3421,十一、核心动词、形容词、连词与高频成语,Bách chiến bách thắng,百战百胜
3422,十一、核心动词、形容词、连词与高频成语,Phúc như Đông Hải,福如东海
3423,十一、核心动词、形容词、连词与高频成语,Thọ tỷ Nam Sơn,寿比南山
3424,十一、核心动词、形容词、连词与高频成语,Thấu tình đạt lý,通情达理
3425,十一、核心动词、形容词、连词与高频成语,Tương thân tương ái,相亲相爱
3426,十一、核心动词、形容词、连词与高频成语,An cư lập nghiệp,安居乐业
3427,十一、核心动词、形容词、连词与高频成语,Công thành danh toại,功成名就
3428,十一、核心动词、形容词、连词与高频成语,Tinh thông,精通
3429,十一、核心动词、形容词、连词与高频成语,Thiện tâm,善心
3430,十一、核心动词、形容词、连词与高频成语,Bất nhân bất nghĩa,不仁不义
3431,十一、核心动词、形容词、连词与高频成语,Môn đăng hộ đối,门当户对
3432,十一、核心动词、形容词、连词与高频成语,Quốc gia,国家；国家（正式）
3433,十一、核心动词、形容词、连词与高频成语,Quốc tế,国际
3434,十一、核心动词、形容词、连词与高频成语,Nhân dân,人民
3435,十一、核心动词、形容词、连词与高频成语,Đại học,大学
3436,十一、核心动词、形容词、连词与高频成语,Hợp tác,合作
3437,十一、核心动词、形容词、连词与高频成语,Phát tài,发财
3438,十一、核心动词、形容词、连词与高频成语,Lữ hành,旅行
3439,十一、核心动词、形容词、连词与高频成语,Tình hình,情况
3440,十一、核心动词、形容词、连词与高频成语,Thực tế,实际
3441,十一、核心动词、形容词、连词与高频成语,Hoàn toàn,完全
3442,十一、核心动词、形容词、连词与高频成语,Chắc chắn,肯定 / 确定
3443,十一、核心动词、形容词、连词与高频成语,Tự nhiên,自然 / 随意
3444,十一、核心动词、形容词、连词与高频成语,Đặc biệt,特别
3445,十一、核心动词、形容词、连词与高频成语,Cơ bản,基本
3446,十一、核心动词、形容词、连词与高频成语,Quan trọng,重要
3447,十一、核心动词、形容词、连词与高频成语,Đơn giản,简单
3448,十一、核心动词、形容词、连词与高频成语,Phức tạp,复杂
3449,十一、核心动词、形容词、连词与高频成语,Cụ thể,具体
3450,十一、核心动词、形容词、连词与高频成语,Trực tiếp,直接
3451,十一、核心动词、形容词、连词与高频成语,Gián tiếp,间接
3452,十一、核心动词、形容词、连词与高频成语,Chủ yếu,主要
3453,十一、核心动词、形容词、连词与高频成语,Đa số,多数
3454,十一、核心动词、形容词、连词与高频成语,Một số,一些
3455,十一、核心动词、形容词、连词与高频成语,Cố gắng,努力
3456,十一、核心动词、形容词、连词与高频成语,Tiến bộ,进步
3457,十一、核心动词、形容词、连词与高频成语,Hy vọng,希望
3458,十一、核心动词、形容词、连词与高频成语,Trách nhiệm,责任
3459,十一、核心动词、形容词、连词与高频成语,Tôn trọng,尊重
3460,十一、核心动词、形容词、连词与高频成语,Giao lưu,交流
3461,十一、核心动词、形容词、连词与高频成语,Đóng góp,贡献
3462,十一、核心动词、形容词、连词与高频成语,Tham gia,参加
3463,十一、核心动词、形容词、连词与高频成语,Tổ chức,组织
3464,十一、核心动词、形容词、连词与高频成语,Hoạt động,活动
3465,十一、核心动词、形容词、连词与高频成语,Kinh nghiệm,经验
3466,十一、核心动词、形容词、连词与高频成语,Biểu diễn,表演
3467,十一、核心动词、形容词、连词与高频成语,Mục đích,目的
3468,十一、核心动词、形容词、连词与高频成语,Lợi ích,利益
3469,十一、核心动词、形容词、连词与高频成语,Pháp luật,法律
3470,十一、核心动词、形容词、连词与高频成语,Cơ quan,机关；单位
3471,十一、核心动词、形容词、连词与高频成语,Lịch sự,礼貌
3472,十一、核心动词、形容词、连词与高频成语,Náo nhiệt,热闹
3473,十一、核心动词、形容词、连词与高频成语,Yên tĩnh,安静
3474,十一、核心动词、形容词、连词与高频成语,Mát mẻ,凉爽
3475,十一、核心动词、形容词、连词与高频成语,Nóng bức,酷热；炎热
3476,十一、核心动词、形容词、连词与高频成语,Trong lành,清新
3477,十一、核心动词、形容词、连词与高频成语,Ô nhiễm,污染
3478,十一、核心动词、形容词、连词与高频成语,Hấp dẫn,吸引
3479,十一、核心动词、形容词、连词与高频成语,Thú vị,有趣
3480,十一、核心动词、形容词、连词与高频成语,Tẻ nhạt,无聊
3481,十一、核心动词、形容词、连词与高频成语,Tuyệt vời,极好
3482,十一、核心动词、形容词、连词与高频成语,Khủng khiếp,可怕
3483,十一、核心动词、形容词、连词与高频成语,May mắn,幸运；好运
3484,十一、核心动词、形容词、连词与高频成语,Xui xẻo,倒霉
3485,十一、核心动词、形容词、连词与高频成语,Giàu có,富有
3486,十一、核心动词、形容词、连词与高频成语,Nghèo khổ,贫穷
3487,十一、核心动词、形容词、连词与高频成语,Hiện đại,现代
3488,十一、核心动词、形容词、连词与高频成语,Lạc hậu,落后
3489,十一、核心动词、形容词、连词与高频成语,Phong phú,丰富
3490,十一、核心动词、形容词、连词与高频成语,Đa dạng,多样
3491,十一、核心动词、形容词、连词与高频成语,Tự do,自由
3492,十一、核心动词、形容词、连词与高频成语,Hạnh phúc,幸福
3493,十一、核心动词、形容词、连词与高频成语,Đau khổ,痛苦
3494,十一、核心动词、形容词、连词与高频成语,Sức khỏe,健康
3495,十一、核心动词、形容词、连词与高频成语,Sinh mệnh,生命
3496,十一、核心动词、形容词、连词与高频成语,Tình yêu,爱情
3497,十一、核心动词、形容词、连词与高频成语,Tình bạn,友谊
3498,十一、核心动词、形容词、连词与高频成语,Hòa bình,和平
3499,十一、核心动词、形容词、连词与高频成语,Thế giới,世界
3500,十一、核心动词、形容词、连词与高频成语,Có,有
3501,十一、核心动词、形容词、连词与高频成语,Không có,没有
3502,十一、核心动词、形容词、连词与高频成语,Được,可以 / 行
3503,十一、核心动词、形容词、连词与高频成语,Không được,不可以
3504,十一、核心动词、形容词、连词与高频成语,Phải,必须
3505,十一、核心动词、形容词、连词与高频成语,Cần,需要
3506,十一、核心动词、形容词、连词与高频成语,Muốn,想要
3507,十一、核心动词、形容词、连词与高频成语,Chọn,选择
3508,十一、核心动词、形容词、连词与高频成语,Thử,尝试；试
3509,十一、核心动词、形容词、连词与高频成语,Chuẩn bị,准备
3510,十一、核心动词、形容词、连词与高频成语,Bắt đầu,开始
3511,十一、核心动词、形容词、连词与高频成语,Kết thúc,结束
3512,十一、核心动词、形容词、连词与高频成语,Tiếp tục,继续
3513,十一、核心动词、形容词、连词与高频成语,Dừng,停止
3514,十一、核心动词、形容词、连词与高频成语,Sửa,修理
3515,十一、核心动词、形容词、连词与高频成语,Đi làm,上班
3516,十一、核心动词、形容词、连词与高频成语,Tan làm,下班
3517,十一、核心动词、形容词、连词与高频成语,Đi chợ,去市场买菜
3518,十一、核心动词、形容词、连词与高频成语,Nấu ăn,做饭
3519,十一、核心动词、形容词、连词与高频成语,Rửa tay,洗手
3520,十一、核心动词、形容词、连词与高频成语,Rửa rau,洗菜
3521,十一、核心动词、形容词、连词与高频成语,Cắt,切
3522,十一、核心动词、形容词、连词与高频成语,Gọt,削皮
3523,十一、核心动词、形容词、连词与高频成语,Thái,切丝 / 切片
3524,十一、核心动词、形容词、连词与高频成语,Băm,剁碎
3525,十一、核心动词、形容词、连词与高频成语,Xin lỗi,对不起
3526,十一、核心动词、形容词、连词与高频成语,Cảm ơn,谢谢
3527,十一、核心动词、形容词、连词与高频成语,Tạm biệt,再见
3528,十一、核心动词、形容词、连词与高频成语,Hẹn gặp lại,回头见
3529,十一、核心动词、形容词、连词与高频成语,Vui lòng,请
3530,十一、核心动词、形容词、连词与高频成语,Khoan đã,等一下
3531,十一、核心动词、形容词、连词与高频成语,Đừng,不要；别
3532,十一、核心动词、形容词、连词与高频成语,Nói chậm lại,说慢一点
3533,十一、核心动词、形容词、连词与高频成语,Nói to lên,说大声点
3534,十一、核心动词、形容词、连词与高频成语,Viết ra giấy,写在纸上
3535,十一、核心动词、形容词、连词与高频成语,Đọc to,朗读
3536,十一、核心动词、形容词、连词与高频成语,Lắng nghe,倾听
3537,十一、核心动词、形容词、连词与高频成语,Ngủ sớm,早睡
3538,十一、核心动词、形容词、连词与高频成语,Dậy sớm,早起
3539,十一、核心动词、形容词、连词与高频成语,Ăn no,吃饱
3540,十一、核心动词、形容词、连词与高频成语,Khát nước,口渴
3541,十一、核心动词、形容词、连词与高频成语,Buồn ngủ,困了
3542,十一、核心动词、形容词、连词与高频成语,Vui,高兴
3543,十一、核心动词、形容词、连词与高频成语,Lo lắng,担心
3544,十一、核心动词、形容词、连词与高频成语,Sợ hãi,害怕
3545,十一、核心动词、形容词、连词与高频成语,Tức giận,生气
3546,十一、核心动词、形容词、连词与高频成语,Ngạc nhiên,惊讶
3547,十一、核心动词、形容词、连词与高频成语,Năng động,积极 / 活跃
3548,十一、核心动词、形容词、连词与高频成语,Tích cực,积极
3549,十一、核心动词、形容词、连词与高频成语,Kiên nhẫn,耐心
3550,十一、核心动词、形容词、连词与高频成语,Tự tin,自信
3551,十一、核心动词、形容词、连词与高频成语,Khen,表扬
3552,十一、核心动词、形容词、连词与高频成语,Chê,批评 / 嫌弃
3553,十一、核心动词、形容词、连词与高频成语,Hứa,承诺
3554,十一、核心动词、形容词、连词与高频成语,Thật thà,诚实
3555,十一、核心动词、形容词、连词与高频成语,Thông minh,聪明
3556,十一、核心动词、形容词、连词与高频成语,Tốt bụng,善良
3557,十一、核心动词、形容词、连词与高频成语,Hiền lành,温和
3558,十一、核心动词、形容词、连词与高频成语,Dũng cảm,勇敢
3559,十一、核心动词、形容词、连词与高频成语,Xinh đẹp,漂亮
3560,十一、核心动词、形容词、连词与高频成语,Đáng yêu,可爱
3561,十一、核心动词、形容词、连词与高频成语,Nghiêm túc,严肃
3562,十一、核心动词、形容词、连词与高频成语,Vui tính,开朗
3563,十一、核心动词、形容词、连词与高频成语,Dễ tính,好说话
3564,十一、核心动词、形容词、连词与高频成语,Khó tính,难相处；挑剔
3565,十一、核心动词、形容词、连词与高频成语,Nhanh nhẹn,麻利
3566,十一、核心动词、形容词、连词与高频成语,Cẩn thận,小心；仔细
3567,十一、核心动词、形容词、连词与高频成语,Chậm rãi,慢悠悠
3568,十一、核心动词、形容词、连词与高频成语,Ồn ào,吵闹
3569,十一、核心动词、形容词、连词与高频成语,Yên lặng,安静
3570,十一、核心动词、形容词、连词与高频成语,Trong sạch,干净
3571,十一、核心动词、形容词、连词与高频成语,Chịu khó,吃苦耐劳
3572,十一、核心动词、形容词、连词与高频成语,Chịu chơi,爱玩
3573,十一、核心动词、形容词、连词与高频成语,Biết ơn,感恩
3574,十一、核心动词、形容词、连词与高频成语,Trân trọng,珍惜
3575,十一、核心动词、形容词、连词与高频成语,Quý trọng,器重
3576,十一、核心动词、形容词、连词与高频成语,Tha thứ,原谅
3577,十一、核心动词、形容词、连词与高频成语,Tôn thờ,崇拜
3578,十一、核心动词、形容词、连词与高频成语,Trò chuyện,聊天
3579,十一、核心动词、形容词、连词与高频成语,Tán gẫu,闲聊
3580,十一、核心动词、形容词、连词与高频成语,Thảo luận,讨论
3581,十一、核心动词、形容词、连词与高频成语,Bàn bạc,商量
3582,十一、核心动词、形容词、连词与高频成语,Trao đổi,交流；交换
3583,十一、核心动词、形容词、连词与高频成语,Chia sẻ,分享
3584,十一、核心动词、形容词、连词与高频成语,Nhắn tin,发短信
3585,十一、核心动词、形容词、连词与高频成语,Nghe điện thoại,接电话
3586,十一、核心动词、形容词、连词与高频成语,Cúp máy,挂电话
3587,十一、核心动词、形容词、连词与高频成语,Hỏi thăm,问候
3588,十一、核心动词、形容词、连词与高频成语,Chào hỏi,打招呼
3589,十一、核心动词、形容词、连词与高频成语,Giới thiệu,介绍
3590,十一、核心动词、形容词、连词与高频成语,Kể,讲述
3591,十一、核心动词、形容词、连词与高频成语,Kể chuyện,讲故事
3592,十一、核心动词、形容词、连词与高频成语,Miêu tả,描述
3593,十一、核心动词、形容词、连词与高频成语,Giải thích,解释
3594,十一、核心动词、形容词、连词与高频成语,Khuyên,劝告
3595,十一、核心动词、形容词、连词与高频成语,An ủi,安慰
3596,十一、核心动词、形容词、连词与高频成语,Động viên,鼓励
3597,十一、核心动词、形容词、连词与高频成语,Cổ vũ,加油 / 鼓励
3598,十一、核心动词、形容词、连词与高频成语,Nói đùa,开玩笑
3599,十一、核心动词、形容词、连词与高频成语,Nói dối,说谎
3600,十一、核心动词、形容词、连词与高频成语,Nói thật,说真话
3601,十一、核心动词、形容词、连词与高频成语,Từ chối,拒绝
3602,十一、核心动词、形容词、连词与高频成语,Chấp nhận,接受
3603,十一、核心动词、形容词、连词与高频成语,Tranh luận,辩论
3604,十一、核心动词、形容词、连词与高频成语,Cãi nhau,吵架
3605,十一、核心动词、形容词、连词与高频成语,Đi ra,出去
3606,十一、核心动词、形容词、连词与高频成语,Đi vào,进去
3607,十一、核心动词、形容词、连词与高频成语,Đi lên,上去
3608,十一、核心动词、形容词、连词与高频成语,Đi xuống,下去
3609,十一、核心动词、形容词、连词与高频成语,Đi qua,经过
3610,十一、核心动词、形容词、连词与高频成语,Đi về,回去
3611,十一、核心动词、形容词、连词与高频成语,Đến nơi,到达
3612,十一、核心动词、形容词、连词与高频成语,Về nhà,回家
3613,十一、核心动词、形容词、连词与高频成语,Đi học,上学
3614,十一、核心动词、形容词、连词与高频成语,Đi chơi,去玩
3615,十一、核心动词、形容词、连词与高频成语,Đi dạo,散步；闲逛
3616,十一、核心动词、形容词、连词与高频成语,Leo núi,爬山
3617,十一、核心动词、形容词、连词与高频成语,Lăn,滚动
3618,十一、核心动词、形容词、连词与高频成语,Ném,扔
3619,十一、核心动词、形容词、连词与高频成语,Bắt,抓 / 接
3620,十一、核心动词、形容词、连词与高频成语,Nắm,握
3621,十一、核心动词、形容词、连词与高频成语,Giữ,拿住 / 保持
3622,十一、核心动词、形容词、连词与高频成语,Ôm,抱
3623,十一、核心动词、形容词、连词与高频成语,Hôn,亲吻
3624,十一、核心动词、形容词、连词与高频成语,Nhấc,提起
3625,十一、核心动词、形容词、连词与高频成语,Treo,挂
3626,十一、核心动词、形容词、连词与高频成语,Gỡ,取下
3627,十一、核心动词、形容词、连词与高频成语,Dán,贴；粘贴
3628,十一、核心动词、形容词、连词与高频成语,Bóc,撕 / 剥
3629,十一、核心动词、形容词、连词与高频成语,Cài,插 / 扣
3630,十一、核心动词、形容词、连词与高频成语,Tháo,拆卸
3631,十一、核心动词、形容词、连词与高频成语,tâm trạng (tâm tính),心情
3632,十一、核心动词、形容词、连词与高频成语,chậm tính,慢性子
3633,十一、核心动词、形容词、连词与高频成语,nóng tính,急性子
3634,十一、核心动词、形容词、连词与高频成语,cố chấp,固执
3635,十一、核心动词、形容词、连词与高频成语,kiêu ngạo,骄傲
3636,十一、核心动词、形容词、连词与高频成语,khiêm tốn,谦虚
3637,十一、核心动词、形容词、连词与高频成语,phẫn nộ,愤怒
3638,十一、核心动词、形容词、连词与高频成语,xấu hổ,害羞
3639,十一、核心动词、形容词、连词与高频成语,ấn tượng,印象
3640,十一、核心动词、形容词、连词与高频成语,tính cách,性格
3641,十一、核心动词、形容词、连词与高频成语,tự cường,自强
3642,十一、核心动词、形容词、连词与高频成语,tự lập,自立
3643,十一、核心动词、形容词、连词与高频成语,tâm linh,心灵
3644,十一、核心动词、形容词、连词与高频成语,phù hợp,适合
3645,十一、核心动词、形容词、连词与高频成语,hình như,好像
3646,十一、核心动词、形容词、连词与高频成语,trước đây,以前；从前
3647,十一、核心动词、形容词、连词与高频成语,đương nhiên,当然
3648,十一、核心动词、形容词、连词与高频成语,dự định,打算
3649,十一、核心动词、形容词、连词与高频成语,địa chỉ,地址
3650,十一、核心动词、形容词、连词与高频成语,cần những gì,需要些什么
3651,十一、核心动词、形容词、连词与高频成语,rõ ràng,清楚
3652,十一、核心动词、形容词、连词与高频成语,báo lại,通知；回复
3653,十一、核心动词、形容词、连词与高频成语,liên hệ,联系
3654,十一、核心动词、形容词、连词与高频成语,cao cấp,高级
3655,十一、核心动词、形容词、连词与高频成语,giường nằm,卧铺
3656,十一、核心动词、形容词、连词与高频成语,ăn cưới,喝喜酒
3657,十一、核心动词、形容词、连词与高频成语,ăn cỗ,吃席
3658,十一、核心动词、形容词、连词与高频成语,dạo phố,逛街
3659,十一、核心动词、形容词、连词与高频成语,chỗ nào,哪里
3660,十一、核心动词、形容词、连词与高频成语,Chỗ này,这里；这儿
3661,十一、核心动词、形容词、连词与高频成语,bếp,炉灶
3662,十一、核心动词、形容词、连词与高频成语,cố lên,加油
3663,十一、核心动词、形容词、连词与高频成语,chia tay,分手；告别
3664,十一、核心动词、形容词、连词与高频成语,bận rộn,忙碌
3665,十一、核心动词、形容词、连词与高频成语,vậy,那么
3666,十一、核心动词、形容词、连词与高频成语,khách sáo,客气
3667,十一、核心动词、形容词、连词与高频成语,nữa,再；又
3668,十一、核心动词、形容词、连词与高频成语,không có gì,没什么
3669,十一、核心动词、形容词、连词与高频成语,không dám,不敢
3670,十一、核心动词、形容词、连词与高频成语,không cần đâu,不用了
3671,十一、核心动词、形容词、连词与高频成语,không cần khách sáo,不用客气
3672,十一、核心动词、形容词、连词与高频成语,bình thường,平常；一般
3673,十一、核心动词、形容词、连词与高频成语,ở lại,留下来
3674,十一、核心动词、形容词、连词与高频成语,cao thấp,高低
3675,十一、核心动词、形容词、连词与高频成语,đối với,对于
3676,十一、核心动词、形容词、连词与高频成语,thi đấu,比赛
3677,十一、核心动词、形容词、连词与高频成语,ít nhất,最少
3678,十一、核心动词、形容词、连词与高频成语,xấu nhất,最丑
3679,十一、核心动词、形容词、连词与高频成语,trả trước,先付
3680,十一、核心动词、形容词、连词与高频成语,trả sau,后付
3681,十一、核心动词、形容词、连词与高频成语,tuy rằng,虽然
3682,十一、核心动词、形容词、连词与高频成语,câu hỏi,问题
3683,十一、核心动词、形容词、连词与高频成语,khả năng,能力；可能
3684,十一、核心动词、形容词、连词与高频成语,dễ chịu,舒服
3685,十一、核心动词、形容词、连词与高频成语,phạt đứng,罚站
3686,十一、核心动词、形容词、连词与高频成语,đồ cũ,旧物
3687,十一、核心动词、形容词、连词与高频成语,mấy năm nay,这几年
3688,十一、核心动词、形容词、连词与高频成语,trừ điểm,扣分
3689,十一、核心动词、形容词、连词与高频成语,mở ra,打开
3690,十一、核心动词、形容词、连词与高频成语,một quyển sách,一本书
3691,十一、核心动词、形容词、连词与高频成语,tốt đẹp,圆满；美好
3692,十一、核心动词、形容词、连词与高频成语,nêu trên,上述；以上所述
3693,十一、核心动词、形容词、连词与高频成语,xúc động,激动
3694,十一、核心动词、形容词、连词与高频成语,đáng tiếc,可惜
3695,十一、核心动词、形容词、连词与高频成语,hiếm có,稀有
3696,十一、核心动词、形容词、连词与高频成语,sức lao động,劳动力
3697,十一、核心动词、形容词、连词与高频成语,cho phép,允许
3698,十一、核心动词、形容词、连词与高频成语,thăm thân,探亲
3699,十一、核心动词、形容词、连词与高频成语,đi khắp,走遍
3700,十一、核心动词、形容词、连词与高频成语,có cả,也有；包括
3701,十一、核心动词、形容词、连词与高频成语,làm sao,怎么；干嘛
3702,十一、核心动词、形容词、连词与高频成语,tìm hiểu,了解
3703,十一、核心动词、形容词、连词与高频成语,hân hạnh,荣幸
3704,十一、核心动词、形容词、连词与高频成语,quốc ngữ,国语字（越南罗马字）
3705,十一、核心动词、形容词、连词与高频成语,Từ từ,慢慢（地）
3706,十一、核心动词、形容词、连词与高频成语,tâm đắc,心得；称心；合意
3707,十一、核心动词、形容词、连词与高频成语,thất nghiệp,失业
3708,十一、核心动词、形容词、连词与高频成语,phê chuẩn,批准
3709,十一、核心动词、形容词、连词与高频成语,quay video,拍视频
3710,十一、核心动词、形容词、连词与高频成语,bình luận,评论
3711,十一、核心动词、形容词、连词与高频成语,đánh giá tốt,好评
3712,十一、核心动词、形容词、连词与高频成语,mẫu mới,新款
3713,十一、核心动词、形容词、连词与高频成语,chịu,承受；承担
3714,十一、核心动词、形容词、连词与高频成语,phong cảnh,风景
3715,十一、核心动词、形容词、连词与高频成语,lưu niệm,留念；纪念
3716,十一、核心动词、形容词、连词与高频成语,kỷ niệm,纪念；回忆
3717,十一、核心动词、形容词、连词与高频成语,bộ đội,军队；军人
3718,十一、核心动词、形容词、连词与高频成语,thích hợp,适合
3719,十一、核心动词、形容词、连词与高频成语,thế thì,那么；这样的话
3720,十一、核心动词、形容词、连词与高频成语,các nơi,各地
3721,十一、核心动词、形容词、连词与高频成语,hầu như,几乎
3722,十一、核心动词、形容词、连词与高频成语,bằng tuổi,同龄
3723,十一、核心动词、形容词、连词与高频成语,chiếu cố,关照；照顾
3724,十一、核心动词、形容词、连词与高频成语,đeo kính,戴眼镜
3725,十一、核心动词、形容词、连词与高频成语,rạp chiếu phim,电影院
3726,十一、核心动词、形容词、连词与高频成语,chia đôi,平分
3727,十一、核心动词、形容词、连词与高频成语,tức,即；也就是
3728,十一、核心动词、形容词、连词与高频成语,bao gồm,包括
3729,十一、核心动词、形容词、连词与高频成语,thậm chí,甚至
3730,十一、核心动词、形容词、连词与高频成语,mượn,借（物）
3731,十一、核心动词、形容词、连词与高频成语,đến muộn,迟到
3732,十一、核心动词、形容词、连词与高频成语,mơ ước,梦想
3733,十一、核心动词、形容词、连词与高频成语,nằm mơ,做梦
3734,十一、核心动词、形容词、连词与高频成语,giữ gìn,保持
3735,十一、核心动词、形容词、连词与高频成语,ăn bám,依赖；啃老
3736,十一、核心动词、形容词、连词与高频成语,tự tử,自杀
3737,十一、核心动词、形容词、连词与高频成语,giết người,杀人
3738,十一、核心动词、形容词、连词与高频成语,Lì xì,红包；压岁钱
3739,十一、核心动词、形容词、连词与高频成语,lúc nhỏ,小时候
3740,十一、核心动词、形容词、连词与高频成语,là,是
3741,十一、核心动词、形容词、连词与高频成语,làm vỡ,打碎
3742,十一、核心动词、形容词、连词与高频成语,che,遮盖；遮挡
3743,十一、核心动词、形容词、连词与高频成语,thu hút,吸引
3744,十一、核心动词、形容词、连词与高频成语,chiến đấu,战斗
3745,十一、核心动词、形容词、连词与高频成语,nhảy,跳；跳舞
3746,十一、核心动词、形容词、连词与高频成语,di chuyển,移动
3747,十一、核心动词、形容词、连词与高频成语,đánh,打；击
3748,十一、核心动词、形容词、连词与高频成语,làm ướt,弄湿
3749,十一、核心动词、形容词、连词与高频成语,la hét,喊叫；大喊
3750,十一、核心动词、形容词、连词与高频成语,cảnh báo,警告；警示
3751,十一、核心动词、形容词、连词与高频成语,đo,测量；量
3752,十一、核心动词、形容词、连词与高频成语,làm đau,弄疼
3753,十一、核心动词、形容词、连词与高频成语,làm bẩn,弄脏
3754,十一、核心动词、形容词、连词与高频成语,làm sạch,弄干净
3755,十一、核心动词、形容词、连词与高频成语,nắm lấy,抓住；握住
3756,十一、核心动词、形容词、连词与高频成语,thả,放；释放
3757,十一、核心动词、形容词、连词与高频成语,buộc,绑；系
3758,十一、核心动词、形容词、连词与高频成语,cởi,解开；脱（衣）
3759,十一、核心动词、形容词、连词与高频成语,gập,折叠；弯曲
3760,十一、核心动词、形容词、连词与高频成语,trộn,搅拌；混合
3761,十一、核心动词、形容词、连词与高频成语,phá hủy,摧毁；破坏
3762,十一、核心动词、形容词、连词与高频成语,chạm,触摸；碰
3763,十一、核心动词、形容词、连词与高频成语,nghi ngờ,怀疑
3764,十一、核心动词、形容词、连词与高频成语,tập hợp,集合；汇总
3765,十一、核心动词、形容词、连词与高频成语,tách ra,分开；分离
3766,十一、核心动词、形容词、连词与高频成语,nhặt,捡；拾
3767,十一、核心动词、形容词、连词与高频成语,chờ đợi,等待
3768,十一、核心动词、形容词、连词与高频成语,chịu đựng,忍受
3769,十一、核心动词、形容词、连词与高频成语,tính toán,计算
3770,十一、核心动词、形容词、连词与高频成语,sạc,充电
3771,十一、核心动词、形容词、连词与高频成语,tải xuống,下载
3772,十一、核心动词、形容词、连词与高频成语,trình bày,陈述；展示
3773,十一、核心动词、形容词、连词与高频成语,đạt được,达到；取得
3774,十一、核心动词、形容词、连词与高频成语,nhận ra,认出；意识到
3775,十一、核心动词、形容词、连词与高频成语,đạt tới,达到
3776,十一、核心动词、形容词、连词与高频成语,sinh ra,出生；产生
3777,十一、核心动词、形容词、连词与高频成语,chỉ đạo,指导；指挥
3778,十一、核心动词、形容词、连词与高频成语,sử dụng,使用
3779,十一、核心动词、形容词、连词与高频成语,nâng,举起；抬起
3780,十一、核心动词、形容词、连词与高频成语,chỉ ra,指出
3781,十一、核心动词、形容词、连词与高频成语,đề nghị,建议；提议
3782,十一、核心动词、形容词、连词与高频成语,phát hiện,发现
3783,十一、核心动词、形容词、连词与高频成语,thiết lập,建立；设立
3784,十一、核心动词、形容词、连词与高频成语,tưởng tượng,想象
3785,十一、核心动词、形容词、连词与高频成语,cho mượn,借出
3786,十一、核心动词、形容词、连词与高频成语,khẳng định,肯定；确认
3787,十一、核心动词、形容词、连词与高频成语,so sánh,比较
3788,十一、核心动词、形容词、连词与高频成语,đảm bảo,保证
3789,十一、核心动词、形容词、连词与高频成语,duy trì,维持；保持
3790,十一、核心动词、形容词、连词与高频成语,mạo hiểm,冒险
3791,十一、核心动词、形容词、连词与高频成语,kích động,激动；煽动
3792,十一、核心动词、形容词、连词与高频成语,ẩn giấu,隐藏；隐瞒
3793,十一、核心动词、形容词、连词与高频成语,giảm,减少；降低
3794,十一、核心动词、形容词、连词与高频成语,buộc tội,指控
3795,十一、核心动词、形容词、连词与高频成语,diễn giải,解释；解读
3796,十一、核心动词、形容词、连词与高频成语,thống trị,统治；支配
3797,十一、核心动词、形容词、连词与高频成语,vẽ,画
3798,十一、核心动词、形容词、连词与高频成语,mơ,做梦；梦想
3799,十一、核心动词、形容词、连词与高频成语,có thể,可以；能够
3800,十一、核心动词、形容词、连词与高频成语,đưa,给；递；送
3801,十一、核心动词、形容词、连词与高频成语,có vẻ như,好像；似乎
3802,十一、核心动词、形容词、连词与高频成语,tin tưởng,信任
3803,十一、核心动词、形容词、连词与高频成语,nói chuyện,聊天；说话
3804,十一、核心动词、形容词、连词与高频成语,rời đi,离开
3805,十一、核心动词、形容词、连词与高频成语,theo dõi,关注；跟踪
3806,十一、核心动词、形容词、连词与高频成语,tìm thấy,找到
3807,十一、核心动词、形容词、连词与高频成语,trở lại,回来；返回
3808,十一、核心动词、形容词、连词与高频成语,cảm thấy,感觉；觉得
3809,十一、核心动词、形容词、连词与高频成语,tìm kiếm,寻找；搜索
3810,十一、核心动词、形容词、连词与高频成语,làm việc,工作
3811,十一、核心动词、形容词、连词与高频成语,mất,丢失；失去
3812,十一、核心动词、形容词、连词与高频成语,xảy ra,发生
3813,十一、核心动词、形容词、连词与高频成语,xuất hiện,出现
3814,十一、核心动词、形容词、连词与高频成语,lấy ra,取出
3815,十一、核心动词、形容词、连词与高频成语,ngã,跌倒；摔倒
3816,十一、核心动词、形容词、连词与高频成语,làm rối,弄乱；搞糊涂
3817,十一、核心动词、形容词、连词与高频成语,điều tra,调查
3818,十一、核心动词、形容词、连词与高频成语,chạy trốn,逃跑
3819,十一、核心动词、形容词、连词与高频成语,điều hướng,导航；引导
3820,十一、核心动词、形容词、连词与高频成语,biến mất,消失
3821,十一、核心动词、形容词、连词与高频成语,đoán,猜；猜测
3822,十一、核心动词、形容词、连词与高频成语,vâng lời,听话；服从
3823,十一、核心动词、形容词、连词与高频成语,nhầm lẫn,搞错；混淆
3824,十一、核心动词、形容词、连词与高频成语,phàn nàn,抱怨
3825,十一、核心动词、形容词、连词与高频成语,trả lại,归还；退回
3826,十一、核心动词、形容词、连词与高频成语,đợi,等；等待
3827,十一、核心动词、形容词、连词与高频成语,gặp,见面；遇到
3828,十一、核心动词、形容词、连词与高频成语,thổi,吹
3829,十一、核心动词、形容词、连词与高频成语,hút,吸；抽
3830,十一、核心动词、形容词、连词与高频成语,ngửi,闻
3831,十一、核心动词、形容词、连词与高频成语,leo,爬；攀登
3832,十一、核心动词、形容词、连词与高频成语,té,摔倒（南越口语）
3833,十一、核心动词、形容词、连词与高频成语,trượt,滑；滑倒
3834,十一、核心动词、形容词、连词与高频成语,rung,震动；晃动
3835,十一、核心动词、形容词、连词与高频成语,xoay,旋转；转动
3836,十一、核心动词、形容词、连词与高频成语,khóa,锁；上锁
3837,十一、核心动词、形容词、连词与高频成语,nhấn,按；压
3838,十一、核心动词、形容词、连词与高频成语,gõ,敲；打字
3839,十一、核心动词、形容词、连词与高频成语,in,打印
3840,十一、核心动词、形容词、连词与高频成语,xé,撕
3841,十一、核心动词、形容词、连词与高频成语,đốt,烧；点燃
3842,十一、核心动词、形容词、连词与高频成语,tưới,浇（水）
3843,十一、核心动词、形容词、连词与高频成语,trồng,种植
3844,十一、核心动词、形容词、连词与高频成语,nuôi,养；饲养
3845,十一、核心动词、形容词、连词与高频成语,săn,打猎
3846,十一、核心动词、形容词、连词与高频成语,giết,杀
3847,十一、核心动词、形容词、连词与高频成语,chết,死
3848,十一、核心动词、形容词、连词与高频成语,thuê,租
3849,十一、核心动词、形容词、连词与高频成语,thay,换；代替
3850,十一、核心动词、形容词、连词与高频成语,ngắm,欣赏；观赏
3851,十一、核心动词、形容词、连词与高频成语,quan sát,观察
3852,十一、核心动词、形容词、连词与高频成语,thì thầm,低声说；耳语
3853,十一、核心动词、形容词、连词与高频成语,đùa,开玩笑
3854,十一、核心动词、形容词、连词与高频成语,mắng,骂；责骂
3855,十一、核心动词、形容词、连词与高频成语,phạt,处罚；罚款
3856,十一、核心动词、形容词、连词与高频成语,lớn lên,长大
3857,十一、核心动词、形容词、连词与高频成语,vấp,绊；绊倒
3858,十一、核心动词、形容词、连词与高频成语,đập,打；砸
3859,十一、核心动词、形容词、连词与高频成语,vẫy,挥手
3860,十一、核心动词、形容词、连词与高频成语,lắc,摇动
3861,十一、核心动词、形容词、连词与高频成语,gật đầu,点头
3862,十一、核心动词、形容词、连词与高频成语,lắc đầu,摇头
3863,十一、核心动词、形容词、连词与高频成语,đấm,拳打
3864,十一、核心动词、形容词、连词与高频成语,đá,踢
3865,十一、核心动词、形容词、连词与高频成语,liếm,舔
3866,十一、核心动词、形容词、连词与高频成语,cười nhạo,嘲笑
3867,十一、核心动词、形容词、连词与高频成语,vỗ tay,鼓掌
3868,十一、核心动词、形容词、连词与高频成语,nháy mắt,眨眼；使眼色
3869,十一、核心动词、形容词、连词与高频成语,vận hành,运行；操作
3870,十一、核心动词、形容词、连词与高频成语,phạm tội,犯罪
3871,十一、核心动词、形容词、连词与高频成语,đối xử,对待
3872,十一、核心动词、形容词、连词与高频成语,đếm,数；数数
3873,十一、核心动词、形容词、连词与高频成语,đồ,东西；物品
3874,十一、核心动词、形容词、连词与高频成语,trường hợp,情况；场合
3875,十一、核心动词、形容词、连词与高频成语,hình thức,形式
3876,十一、核心动词、形容词、连词与高频成语,phần,部分
3877,十一、核心动词、形容词、连词与高频成语,công việc,工作
3878,十一、核心动词、形容词、连词与高频成语,ví dụ,例子；例如
3879,十一、核心动词、形容词、连词与高频成语,bên,边；方；侧
3880,十一、核心动词、形容词、连词与高频成语,vấn đề,问题；事项
3881,十一、核心动词、形容词、连词与高频成语,sự thật,事实
3882,十一、核心动词、形容词、连词与高频成语,quyền,权利
3883,十一、核心动词、形容词、连词与高频成语,câu chuyện,故事
3884,十一、核心动词、形容词、连词与高频成语,mối quan hệ,关系
3885,十一、核心动词、形容词、连词与高频成语,sức mạnh,力量
3886,十一、核心动词、形容词、连词与高频成语,âm nhạc,音乐
3887,十一、核心动词、形容词、连词与高频成语,bài hát,歌曲
3888,十一、核心动词、形容词、连词与高频成语,tạp chí,杂志
3889,十一、核心动词、形容词、连词与高频成语,báo,报纸
3890,十一、核心动词、形容词、连词与高频成语,phim,电影
3891,十一、核心动词、形容词、连词与高频成语,loạt phim,剧集；系列剧
3892,十一、核心动词、形容词、连词与高频成语,thể thao,体育；运动
3893,十一、核心动词、形容词、连词与高频成语,trò chơi,游戏
3894,十一、核心动词、形容词、连词与高频成语,máy tính,电脑
3895,十一、核心动词、形容词、连词与高频成语,ánh sáng,光线；光明
3896,十一、核心动词、形容词、连词与高频成语,bóng râm,阴影；树荫
3897,十一、核心动词、形容词、连词与高频成语,ngôi sao,星星
3898,十一、核心动词、形容词、连词与高频成语,hoa,花
3899,十一、核心动词、形容词、连词与高频成语,ý tưởng,想法；主意
3900,十一、核心动词、形容词、连词与高频成语,kiến thức,知识
3901,十一、核心动词、形容词、连词与高频成语,giáo dục,教育
3902,十一、核心动词、形容词、连词与高频成语,văn hóa,文化
3903,十一、核心动词、形容词、连词与高频成语,giấc mơ,梦；梦想
3904,十一、核心动词、形容词、连词与高频成语,tiếng ồn,噪音
3905,十一、核心动词、形容词、连词与高频成语,mạnh,强壮；厉害
3906,十一、核心动词、形容词、连词与高频成语,yếu,弱
3907,十一、核心动词、形容词、连词与高频成语,tối,暗；黑
3908,十一、核心动词、形容词、连词与高频成语,cứng,硬
3909,十一、核心动词、形容词、连词与高频成语,mềm,软
3910,十一、核心动词、形容词、连词与高频成语,trống,空的
3911,十一、核心动词、形容词、连词与高频成语,chán,厌倦；无聊
3912,十一、核心动词、形容词、连词与高频成语,dối trá,虚伪的；撒谎的
3913,十一、核心动词、形容词、连词与高频成语,tàn ác,残忍的
3914,十一、核心动词、形容词、连词与高频成语,thô lỗ,粗鲁的
3915,十一、核心动词、形容词、连词与高频成语,trung thành,忠诚的
3916,十一、核心动词、形容词、连词与高频成语,bất công,不公平的
3917,十一、核心动词、形容词、连词与高频成语,cần thiết,必要的
3918,十一、核心动词、形容词、连词与高频成语,không cần thiết,不必要的
3919,十一、核心动词、形容词、连词与高频成语,bận,忙
3920,十一、核心动词、形容词、连词与高频成语,rảnh,有空
3921,十一、核心动词、形容词、连词与高频成语,chịu trách nhiệm,负责的
3922,十一、核心动词、形容词、连词与高频成语,vô trách nhiệm,不负责任的
3923,十一、核心动词、形容词、连词与高频成语,khác biệt,不同的；差异
3924,十一、核心动词、形容词、连词与高频成语,sâu,深
3925,十一、核心动词、形容词、连词与高频成语,hời hợt,肤浅的
3926,十一、核心动词、形容词、连词与高频成语,cổ xưa,古老的
3927,十一、核心动词、形容词、连词与高频成语,ngốc,笨的；傻的
3928,十一、核心动词、形容词、连词与高频成语,khôn ngoan,聪明的；明智的
3929,十一、核心动词、形容词、连词与高频成语,vô vị,无味的；乏味的
3930,十一、核心动词、形容词、连词与高频成语,mảnh,细长的；瘦的
3931,十一、核心动词、形容词、连词与高频成语,truyền thống,传统的
3932,十一、核心动词、形容词、连词与高频成语,nhút nhát,胆小的
3933,十一、核心动词、形容词、连词与高频成语,hướng ngoại,外向的
3934,十一、核心动词、形容词、连词与高频成语,thoải mái,舒服的；自在的
3935,十一、核心动词、形容词、连词与高频成语,không thoải mái,不舒服的
3936,十一、核心动词、形容词、连词与高频成语,không kiên nhẫn,没耐心的
3937,十一、核心动词、形容词、连词与高频成语,khô,干的
3938,十一、核心动词、形容词、连词与高频成语,ướt,湿的
3939,十一、核心动词、形容词、连词与高频成语,hôi,臭的
3940,十一、核心动词、形容词、连词与高频成语,cẩu thả,马虎的；草率的
3941,十一、核心动词、形容词、连词与高频成语,lười biếng,懒惰的
3942,十一、核心动词、形容词、连词与高频成语,dày,厚的
3943,十一、核心动词、形容词、连词与高频成语,mỏng,薄的
3944,十一、核心动词、形容词、连词与高频成语,tròn,圆的
3945,十一、核心动词、形容词、连词与高频成语,vuông,方的
3946,十一、核心动词、形容词、连词与高频成语,phẳng,平的
3947,十一、核心动词、形容词、连词与高频成语,gồ ghề,崎岖不平的
3948,十一、核心动词、形容词、连词与高频成语,lạ,陌生的；奇怪的
3949,十一、核心动词、形容词、连词与高频成语,quen,熟悉的
3950,十一、核心动词、形容词、连词与高频成语,tự hào,自豪的
3951,十一、核心动词、形容词、连词与高频成语,héo,枯萎的
3952,十一、核心动词、形容词、连词与高频成语,độc hại,有毒的；有害的
3953,十一、核心动词、形容词、连词与高频成语,hữu ích,有用的
3954,十一、核心动词、形容词、连词与高频成语,vô dụng,没用的
3955,十一、核心动词、形容词、连词与高频成语,kinh khủng,极度的；糟糕的
3956,十一、核心动词、形容词、连词与高频成语,giả,假的；假装
3957,十一、核心动词、形容词、连词与高频成语,thật,真的；真实的
3958,十一、核心动词、形容词、连词与高频成语,sáng tạo,有创造力的；创新
3959,十一、核心动词、形容词、连词与高频成语,cũng không,也不
3960,十一、核心动词、形容词、连词与高频成语,như vậy,这样；如此
3961,十一、核心动词、形容词、连词与高频成语,gần,近；将近
3962,十一、核心动词、形容词、连词与高频成语,xa,远
3963,十一、核心动词、形容词、连词与高频成语,quá nhiều,太多
3964,十一、核心动词、形容词、连词与高频成语,đủ,够；足够
3965,十一、核心动词、形容词、连词与高频成语,xấp xỉ,大约；约莫
3966,十一、核心动词、形容词、连词与高频成语,nhanh chóng,迅速；快速
3967,十一、核心动词、形容词、连词与高频成语,có lẽ,也许；可能
3968,十一、核心动词、形容词、连词与高频成语,buồn bã,悲伤地
3969,十一、核心动词、形容词、连词与高频成语,một cách tự nhiên,自然地
3970,十一、核心动词、形容词、连词与高频成语,hiển nhiên,显然
3971,十一、核心动词、形容词、连词与高频成语,nói chung,总的来说
3972,十一、核心动词、形容词、连词与高频成语,tương đối,相对地；比较
3973,十一、核心动词、形容词、连词与高频成语,cùng lúc,同时
3974,十一、核心动词、形容词、连词与高频成语,liên tục,连续；不断
3975,十一、核心动词、形容词、连词与高频成语,thực sự,真正地；确实
3976,十一、核心动词、形容词、连词与高频成语,tiêu cực,消极地
3977,十一、核心动词、形容词、连词与高频成语,hầu như không,几乎不
3978,十一、核心动词、形容词、连词与高频成语,bí mật,秘密地；暗中
3979,十一、核心动词、形容词、连词与高频成语,công khai,公开地
3980,十一、核心动词、形容词、连词与高频成语,ẩu,马虎地；胡乱地
3981,十一、核心动词、形容词、连词与高频成语,lặng lẽ,悄悄地；静静地
3982,十一、核心动词、形容词、连词与高频成语,nhẹ nhàng,轻轻地；温柔地
3983,十一、核心动词、形容词、连词与高频成语,mạnh mẽ,有力地；强烈地
3984,十一、核心动词、形容词、连词与高频成语,khắp nơi,到处；各地
3985,十一、核心动词、形容词、连词与高频成语,đâu đó,某处
3986,十一、核心动词、形容词、连词与高频成语,không đâu cả,哪里都没有
3987,十一、核心动词、形容词、连词与高频成语,ngoài trời,户外；在室外
3988,十一、核心动词、形容词、连词与高频成语,ngược lại,相反；反过来
3989,十一、核心动词、形容词、连词与高频成语,thật ra,其实
3990,十一、核心动词、形容词、连词与高频成语,tất nhiên,当然
3991,十一、核心动词、形容词、连词与高频成语,đột ngột,突然
3992,十一、核心动词、形容词、连词与高频成语,hết sức,极其；非常
3993,十一、核心动词、形容词、连词与高频成语,cực kỳ,极其；非常
3994,十一、核心动词、形容词、连词与高频成语,vô cùng,非常；无比
3995,十一、核心动词、形容词、连词与高频成语,lễ phép,有礼貌地
3996,十一、核心动词、形容词、连词与高频成语,can đảm,勇敢地
3997,十一、核心动词、形容词、连词与高频成语,tình cờ,偶然；碰巧
3998,十一、核心动词、形容词、连词与高频成语,cố ý,故意
3999,十一、核心动词、形容词、连词与高频成语,rất có thể,很可能
4000,十一、核心动词、形容词、连词与高频成语,khác,别的；不同的
4001,十一、核心动词、形容词、连词与高频成语,riêng,单独地；独自
4002,十一、核心动词、形容词、连词与高频成语,chung,共同地；一起
4003,十一、核心动词、形容词、连词与高频成语,đằng kia,那边
4004,十一、核心动词、形容词、连词与高频成语,giữa,在…之间
4005,十一、核心动词、形容词、连词与高频成语,hướng về,朝向
4006,十一、核心动词、形容词、连词与高频成语,dưới,在…下面
4007,十一、核心动词、形容词、连词与高频成语,trên,在…上面
4008,十一、核心动词、形容词、连词与高频成语,chống lại,反对；抵抗
4009,十一、核心动词、形容词、连词与高频成语,xung quanh,在…周围
4010,十一、核心动词、形容词、连词与高频成语,bên cạnh,在…旁边
4011,十一、核心动词、形容词、连词与高频成语,trước mặt,在…面前
4012,十一、核心动词、形容词、连词与高频成语,bên trong,在…里面
4013,十一、核心动词、形容词、连词与高频成语,bên ngoài,在…外面
4014,十一、核心动词、形容词、连词与高频成语,như,像；如同
4015,十一、核心动词、形容词、连词与高频成语,theo,按照；跟着
4016,十一、核心动词、形容词、连词与高频成语,thông qua,通过
4017,十一、核心动词、形容词、连词与高频成语,ở giữa,在中间
4018,十一、核心动词、形容词、连词与高频成语,ở trên,在…上面
4019,十一、核心动词、形容词、连词与高频成语,phía sau,在…后面
4020,十一、核心动词、形容词、连词与高频成语,cùng với,和…一起
4021,十一、核心动词、形容词、连词与高频成语,bằng cách,通过…方式
4022,十一、核心动词、形容词、连词与高频成语,do,由于；因为
4023,十一、核心动词、形容词、连词与高频成语,bên trái,在左边
4024,十一、核心动词、形容词、连词与高频成语,bên phải,在右边
4025,十一、核心动词、形容词、连词与高频成语,bên dưới,在下面
4026,十一、核心动词、形容词、连词与高频成语,liên quan đến,与…有关
4027,十一、核心动词、形容词、连词与高频成语,thay vì,而不是；代替
4028,十一、核心动词、形容词、连词与高频成语,tại,在（某地）
4029,十一、核心动词、形容词、连词与高频成语,nhờ,多亏；靠
4030,十一、核心动词、形容词、连词与高频成语,đối diện,对面；面对
4031,十一、核心动词、形容词、连词与高频成语,vượt qua,超过；克服
4032,十一、核心动词、形容词、连词与高频成语,phía trên,在上面
4033,十一、核心动词、形容词、连词与高频成语,phía dưới,在下面
4034,十一、核心动词、形容词、连词与高频成语,thay cho,代替
4035,十一、核心动词、形容词、连词与高频成语,ngoại trừ,除了
4036,十一、核心动词、形容词、连词与高频成语,bất kể,无论；不管
4037,十一、核心动词、形容词、连词与高频成语,cách,离（…多远）
4038,十一、核心动词、形容词、连词与高频成语,theo như,按照；据
4039,十一、核心动词、形容词、连词与高频成语,về phía,朝…方向
4040,十一、核心动词、形容词、连词与高频成语,liên quan,有关；涉及
4041,十一、核心动词、形容词、连词与高频成语,trong,在…里面
4042,十一、核心动词、形容词、连词与高频成语,bởi,由于；被（被动）
4043,十一、核心动词、形容词、连词与高频成语,mà,而；却；啊（语气）
4044,十一、核心动词、形容词、连词与高频成语,vì vậy,因此；所以
4045,十一、核心动词、形容词、连词与高频成语,do đó,因此
4046,十一、核心动词、形容词、连词与高频成语,trong khi,在…的时候；而
4047,十一、核心动词、形容词、连词与高频成语,cả,都；连…都
4048,十一、核心动词、形容词、连词与高频成语,liệu,是否；能不能
4049,十一、核心动词、形容词、连词与高频成语,dù là,即使是；不管是
4050,十一、核心动词、形容词、连词与高频成语,hơn nữa,而且；此外
4051,十一、核心动词、形容词、连词与高频成语,thậm chí hơn,甚至更
4052,十一、核心动词、形容词、连词与高频成语,không chỉ,不仅
4053,十一、核心动词、形容词、连词与高频成语,mà còn,而且；还
4054,十一、核心动词、形容词、连词与高频成语,thậm chí không,甚至不
4055,十一、核心动词、形容词、连词与高频成语,bao nhiêu,多少
4056,十一、核心动词、形容词、连词与高频成语,tuy nhiên,然而
4057,十一、核心动词、形容词、连词与高频成语,dù sao,无论如何
4058,十一、核心动词、形容词、连词与高频成语,vậy thì,那么；那就
4059,十一、核心动词、形容词、连词与高频成语,để mà,以便；为了
4060,十一、核心动词、形容词、连词与高频成语,theo cách mà,以…的方式
4061,十一、核心动词、形容词、连词与高频成语,với điều kiện là,条件是；只要
4062,十一、核心动词、形容词、连词与高频成语,thế nhưng,然而；可是
4063,十一、核心动词、形容词、连词与高频成语,ngoài ra,此外
4064,十一、核心动词、形容词、连词与高频成语,vả lại,况且；再说
4065,十一、核心动词、形容词、连词与高频成语,tóm lại,总之
4066,十一、核心动词、形容词、连词与高频成语,nói cách khác,换句话说
4067,十一、核心动词、形容词、连词与高频成语,mặt khác,另一方面
4068,十一、核心动词、形容词、连词与高频成语,thành ra,结果；变成
4069,十一、核心动词、形容词、连词与高频成语,nhất là,尤其是
4070,十一、核心动词、形容词、连词与高频成语,miễn là,只要
4071,十一、核心动词、形容词、连词与高频成语,giả sử,假设
4072,十一、核心动词、形容词、连词与高频成语,không những,不仅
4073,十一、核心动词、形容词、连词与高频成语,kẻo,免得；以免
4074,十一、核心动词、形容词、连词与高频成语,như thể,好像
4075,十一、核心动词、形容词、连词与高频成语,trong trường hợp,如果；万一
4076,十一、核心动词、形容词、连词与高频成语,trừ khi,除非
4077,十一、核心动词、形容词、连词与高频成语,cũng như,以及；就像
4078,十一、核心动词、形容词、连词与高频成语,dạ,嗯 / 是的
4079,十一、核心动词、形容词、连词与高频成语,ở ngay cạnh,就在旁边
4080,十一、核心动词、形容词、连词与高频成语,hãy,请
4081,十一、核心动词、形容词、连词与高频成语,cho biết,告知 / 说说
4082,十一、核心动词、形容词、连词与高频成语,rất,很
4083,十一、核心动词、形容词、连词与高频成语,ở đâu cũng,在哪都 (在哪 … 都)
4084,十一、核心动词、形容词、连词与高频成语,này,这
4085,十一、核心动词、形容词、连词与高频成语,và,和
4086,十一、核心动词、形容词、连词与高频成语,thích ... hơn,更喜欢 …
4087,十一、核心动词、形容词、连词与高频成语,thì phải,好像/ … 似的
4088,十一、核心动词、形容词、连词与高频成语,điều,事/内容
4089,十一、核心动词、形容词、连词与高频成语,điều gì,什么
4090,十一、核心动词、形容词、连词与高频成语,tìm,找
4091,十一、核心动词、形容词、连词与高频成语,nên,应该
4092,十一、核心动词、形容词、连词与高频成语,dạo này,最近
4093,十一、核心动词、形容词、连词与高频成语,nội dung,内容
4094,十一、核心动词、形容词、连词与高频成语,chính,主要
4095,十一、核心动词、形容词、连词与高频成语,phong tục,风俗
4096,十一、核心动词、形容词、连词与高频成语,lời mời,邀请
4097,十一、核心动词、形容词、连词与高频成语,lời chúc,祝福
4098,十一、核心动词、形容词、连词与高频成语,xong,完
4099,十一、核心动词、形容词、连词与高频成语,nói gì,说什么
4100,十一、核心动词、形容词、连词与高频成语,không thể,不能
4101,十一、核心动词、形容词、连词与高频成语,đặc trưng,特征
4102,十一、核心动词、形容词、连词与高频成语,là gì,是什么
4103,十一、核心动词、形容词、连词与高频成语,cạnh,边缘
4104,十一、核心动词、形容词、连词与高频成语,cong,弯
4105,十一、核心动词、形容词、连词与高频成语,không chịu được nhiệt,不能受热
4106,十一、核心动词、形容词、连词与高频成语,chú ý,注意
4107,十一、核心动词、形容词、连词与高频成语,miệng,嘴巴
4108,十一、核心动词、形容词、连词与高频成语,loại bỏ,清除
4109,十一、核心动词、形容词、连词与高频成语,hướng ... lên trên,朝上
4110,十一、核心动词、形容词、连词与高频成语,xếp chung,摆在一起
4111,十一、核心动词、形容词、连词与高频成语,chủ đề,主题
4112,十一、核心动词、形容词、连词与高频成语,suy nghĩ,想法 / 看法
4113,十一、核心动词、形容词、连词与高频成语,phải làm gì,要做什么
4114,十一、核心动词、形容词、连词与高频成语,Sa Pa,沙巴
4115,十一、核心动词、形容词、连词与高频成语,trước kia,以前
4116,十一、核心动词、形容词、连词与高频成语,so với,与……相比
4117,十一、核心动词、形容词、连词与高频成语,vì sao,为什么
4118,十一、核心动词、形容词、连词与高频成语,vì,因为
4119,十一、核心动词、形容词、连词与高频成语,hỏng,坏
4120,十一、核心动词、形容词、连词与高频成语,tàu điện cao tốc,高铁
4121,十一、核心动词、形容词、连词与高频成语,tàu điện trên,轻轨
4122,十一、核心动词、形容词、连词与高频成语,tại sao,为什么
4123,十一、核心动词、形容词、连词与高频成语,cứu,救
4124,十一、核心动词、形容词、连词与高频成语,châu chấu,蚱蜢
4125,十一、核心动词、形容词、连词与高频成语,ngại,怕
4126,十一、核心动词、形容词、连词与高频成语,chết đói,饿死
4127,十一、核心动词、形容词、连词与高频成语,luôn,总是
4128,十一、核心动词、形容词、连词与高频成语,không phải,不是
4129,十一、核心动词、形容词、连词与高频成语,cũng có,也有
4130,十一、核心动词、形容词、连词与高频成语,Khâu Vai,蔻瓦伊
4131,十一、核心动词、形容词、连词与高频成语,hôn lễ,婚礼
4132,十一、核心动词、形容词、连词与高频成语,ca ngợi,歌颂
4133,十一、核心动词、形容词、连词与高频成语,nét đẹp văn hóa,文化之美
4134,十一、核心动词、形容词、连词与高频成语,bài,课文
4135,十一、核心动词、形容词、连词与高频成语,thách thức,挑战
4136,十一、核心动词、形容词、连词与高频成语,đột phá,突破性
4137,十一、核心动词、形容词、连词与高频成语,lĩnh vực,领域
4138,十一、核心动词、形容词、连词与高频成语,cuộc cách mạng,革命
4139,十一、核心动词、形容词、连词与高频成语,khiến cho,让 / 使
4140,十一、核心动词、形容词、连词与高频成语,yếu tố,因素
4141,十一、核心动词、形容词、连词与高频成语,định nghĩa,定义
4142,十一、核心动词、形容词、连词与高频成语,bản thân,自己 / 自身
4143,十一、核心动词、形容词、连词与高频成语,cần phải,需要
4144,十一、核心动词、形容词、连词与高频成语,một trong những one,… 之一
4145,十一、核心动词、形容词、连词与高频成语,thực phẩm bổ sung,膳食补充剂
4146,十一、核心动词、形容词、连词与高频成语,chữa khỏi,治愈
4147,十一、核心动词、形容词、连词与高频成语,1 (một),一
4148,十一、核心动词、形容词、连词与高频成语,việc định hướng,定向
4149,十一、核心动词、形容词、连词与高频成语,giỏi giang,精明干练
4150,十一、核心动词、形容词、连词与高频成语,nhưng,但是
4151,十一、核心动词、形容词、连词与高频成语,cả ... và,和
4152,十一、核心动词、形容词、连词与高频成语,tránh,避免
4153,十一、核心动词、形容词、连词与高频成语,đi dạo walk,逛逛
4154,十一、核心动词、形容词、连词与高频成语,thăm,看
4155,十一、核心动词、形容词、连词与高频成语,thưởng thức,欣赏
4156,十一、核心动词、形容词、连词与高频成语,cùng nhau,一起
4157,十一、核心动词、形容词、连词与高频成语,se se lạnh,有点冷
4158,十一、核心动词、形容词、连词与高频成语,thích ... nhất,最喜欢 …
4159,十一、核心动词、形容词、连词与高频成语,lượt,次
4160,十一、核心动词、形容词、连词与高频成语,hàng trăm nghìn,数十万
4161,十一、核心动词、形容词、连词与高频成语,tận hưởng,享受
4162,十一、核心动词、形容词、连词与高频成语,3 sao 3 stars,三星级
4163,十一、核心动词、形容词、连词与高频成语,4 sao 4 stars,四星级
4164,十一、核心动词、形容词、连词与高频成语,5 sao 5 stars,五星级
4165,十一、核心动词、形容词、连词与高频成语,không ... gì,什么也不...
4166,十一、核心动词、形容词、连词与高频成语,không thua kém,不亚于
4167,十一、核心动词、形容词、连词与高频成语,8 trăm 8 hundreds,八百
4168,十一、核心动词、形容词、连词与高频成语,1 triệu 1 million,一百万
4169,十一、核心动词、形容词、连词与高频成语,tốt hơn,更好
4170,十一、核心动词、形容词、连词与高频成语,như nhau,一样
4171,十一、核心动词、形容词、连词与高频成语,cả ... đều ...,全... 都
4172,十一、核心动词、形容词、连词与高频成语,rằng,的是
4173,十一、核心动词、形容词、连词与高频成语,hoàn thiện,完善
4174,十一、核心动词、形容词、连词与高频成语,cấp độ,级别
4175,十一、核心动词、形容词、连词与高频成语,hứa hẹn,承诺
4176,十一、核心动词、形容词、连词与高频成语,việc đổi mới,改革
4177,十一、核心动词、形容词、连词与高频成语,đặc biệt là,特别是
4178,十一、核心动词、形容词、连词与高频成语,được chú trọng,注重
4179,十一、核心动词、形容词、连词与高频成语,kiên quyết,坚决
4180,十一、核心动词、形容词、连词与高频成语,ngăn chặn,防止
4181,十一、核心动词、形容词、连词与高频成语,xâm nhập,入侵
4182,十一、核心动词、形容词、连词与高频成语,xâm hại,侵犯 / 侮辱
4183,十一、核心动词、形容词、连词与高频成语,bạo lực,暴力
4184,十一、核心动词、形容词、连词与高频成语,cấp,级别
4185,十一、核心动词、形容词、连词与高频成语,rà soát,审查
4186,十一、核心动词、形容词、连词与高频成语,cải thiện,改善
4187,十一、核心动词、形容词、连词与高频成语,giảng dạy,教学
4188,十一、核心动词、形容词、连词与高频成语,sắp tới,下一个
4189,十一、核心动词、形容词、连词与高频成语,Bộ Giáo dục và Đào tạo,教育培训部
4190,十一、核心动词、形容词、连词与高频成语,trong điều kiện,条件下
4191,十一、核心动词、形容词、连词与高频成语,giáo dục thường xuyên,继续教育
4192,十一、核心动词、形容词、连词与高频成语,môn Giáo dục công dân,德育课
4193,十一、核心动词、形容词、连词与高频成语,vừa qua,最近
4194,十一、核心动词、形容词、连词与高频成语,hoặc,或者
4195,十一、核心动词、形容词、连词与高频成语,thống kê,统计
4196,十一、核心动词、形容词、连词与高频成语,thiếu hụt,短缺
4197,十一、核心动词、形容词、连词与高频成语,nghiêm trọng,严重
4198,十一、核心动词、形容词、连词与高频成语,con số,数字
4199,十一、核心动词、形容词、连词与高频成语,Yên Bái,安沛
4200,十一、核心动词、形容词、连词与高频成语,tổng,总
4201,十一、核心动词、形容词、连词与高频成语,đăng ký,报名
4202,十一、核心动词、形容词、连词与高频成语,cho biết said,表示
4203,十一、核心动词、形容词、连词与高频成语,mầm non,学前(教育)
4204,十一、核心动词、形容词、连词与高频成语,một số some /,一些
4205,十一、核心动词、形容词、连词与高频成语,dành,给予
4206,十一、核心动词、形容词、连词与高频成语,bước đầu,初步
4207,十一、核心动词、形容词、连词与高频成语,bỏ nghề quit,辞职
4208,十一、核心动词、形容词、连词与高频成语,trường,学校
4209,十一、核心动词、形容词、连词与高频成语,chuyển lên move,向上跳巢
4210,十一、核心动词、形容词、连词与高频成语,tương xứng,相符
4211,十一、核心动词、形容词、连词与高频成语,không... cũng không,不……也不
4212,十一、核心动词、形容词、连词与高频成语,điền,填
4213,十一、核心动词、形容词、连词与高频成语,mỗi ... một,每一个
4214,十一、核心动词、形容词、连词与高频成语,th í ch ... hơn like......,更喜欢
4215,十一、核心动词、形容词、连词与高频成语,được nghỉ hè,得放暑假
4216,十一、核心动词、形容词、连词与高频成语,thế là,就这样
4217,十一、核心动词、形容词、连词与高频成语,bà y tỏ,表示
4218,十一、核心动词、形容词、连词与高频成语,đólà,那是
4219,十一、核心动词、形容词、连词与高频成语,ởđ ó,那里
4220,十一、核心动词、形容词、连词与高频成语,vâng,是 的 / 嗯
4221,十一、核心动词、形容词、连词与高频成语,thanh nặng,重声
4222,十一、核心动词、形容词、连词与高频成语,hình như may be/,好像
4223,十一、核心动词、形容词、连词与高频成语,Mai,梅
4224,十一、核心动词、形容词、连词与高频成语,xá ch,提
4225,十一、核心动词、形容词、连词与高频成语,năng,重
4226,十一、核心动词、形容词、连词与高频成语,không có vấ n đề gì,没问题
4227,十一、核心动词、形容词、连词与高频成语,kiêng,禁忌
4228,十一、核心动词、形容词、连词与高频成语,lâu đời,悠久
4229,十一、核心动词、形容词、连词与高频成语,bài nghe,听力课文
4230,十一、核心动词、形容词、连词与高频成语,nền vă n hóa,文化
4231,十一、核心动词、形容词、连词与高频成语,hù ng v ī,雄伟
4232,十一、核心动词、形容词、连词与高频成语,kh ám ph á,探索
4233,十一、核心动词、形容词、连词与高频成语,đá m cưới,婚礼
4234,十一、核心动词、形容词、连词与高频成语,các,各
4235,十一、核心动词、形容词、连词与高频成语,ch án,无聊
4236,十一、核心动词、形容词、连词与高频成语,to àn bộ,全部
4237,十一、核心动词、形容词、连词与高频成语,nhìn xuống,俯瞰
4238,十一、核心动词、形容词、连词与高频成语,chiếc lá,叶子
4239,十一、核心动词、形容词、连词与高频成语,khiến,让
4240,十一、核心动词、形容词、连词与高频成语,trởn ên,变成
4241,十一、核心动词、形容词、连词与高频成语,lo âu,担忧/忧虑
4242,十一、核心动词、形容词、连词与高频成语,vị tr í,位置
4243,十一、核心动词、形容词、连词与高频成语,tiền đạo,前锋
4244,十一、核心动词、形容词、连词与高频成语,hiện tượng,现象
4245,十一、核心动词、形容词、连词与高频成语,biện pháp,办法
4246,十一、核心动词、形容词、连词与高频成语,chóng,抗
4247,十一、核心动词、形容词、连词与高频成语,ngăn ngừa,防止
4248,十一、核心动词、形容词、连词与高频成语,tế bà o,细胞
4249,十一、核心动词、形容词、连词与高频成语,hệ tiêu hó,消化系统
4250,十一、核心动词、形容词、连词与高频成语,nổi lên tobe popular/ tobe,兴起
4251,十一、核心动词、形容词、连词与高频成语,đà o tạo,培训
4252,十一、核心动词、形容词、连词与高频成语,lâu,久
4253,十一、核心动词、形容词、连词与高频成语,dẫn,带
4254,十一、核心动词、形容词、连词与高频成语,mong rằng,希望
4255,十一、核心动词、形容词、连词与高频成语,vui chơi,玩乐
4256,十一、核心动词、形容词、连词与高频成语,giải tr í,娱乐
4257,十一、核心动词、形容词、连词与高频成语,giám sát,监控
4258,十一、核心动词、形容词、连词与高频成语,nhắc nhở,提醒
4259,十一、核心动词、形容词、连词与高频成语,những ảnh hưởng,影响
4260,十一、核心动词、形容词、连词与高频成语,nạn miệt thị ngoại hình,身体羞辱
4261,十一、核心动词、形容词、连词与高频成语,vấn nạn,严重的问题
4262,十一、核心动词、形容词、连词与高频成语,các c,孩子们
4263,十一、核心动词、形容词、连词与高频成语,thay vì instead,(而)
4264,十一、核心动词、形容词、连词与高频成语,theo đuổi,追求
4265,十一、核心动词、形容词、连词与高频成语,nói rằng,说
4266,十一、核心动词、形容词、连词与高频成语,học hà nh,学习
4267,十一、核心动词、形容词、连词与高频成语,con trai thứ,次子
4268,十一、核心动词、形容词、连词与高频成语,ước mơ,梦想
4269,十一、核心动词、形容词、连词与高频成语,bởi vậy,因此/所以
4270,十一、核心动词、形容词、连词与高频成语,con tra i út,幼子
4271,十一、核心动词、形容词、连词与高频成语,cao hơn,比……更
4272,十一、核心动词、形容词、连词与高频成语,đi đóng phim,演戏
4273,十一、核心动词、形容词、连词与高频成语,đi làm thêm,兼职
4274,十一、核心动词、形容词、连词与高频成语,tinh thần,精神
4275,十一、核心动词、形容词、连词与高频成语,nơi đây,这里
4276,十一、核心动词、形容词、连词与高频成语,gàip cho,帮助
4277,十一、核心动词、形容词、连词与高频成语,vdi nhau,相互
4278,十一、核心动词、形容词、连词与高频成语,ké hoạch,计划
4279,十一、核心动词、形容词、连词与高频成语,Mũi Né,美奈
4280,十一、核心动词、形容词、连词与高频成语,tuy,虽然
4281,十一、核心动词、形容词、连词与高频成语,đỡ mệt,缓解疲劳
4282,十一、核心动词、形容词、连词与高频成语,đé n thờ,寺庙
4283,十一、核心动词、形容词、连词与高频成语,độc giả,读者
4284,十一、核心动词、形容词、连词与高频成语,gh é thăm,访问
4285,十一、核心动词、形容词、连词与高频成语,UNESCOUNESCO,教科文组织
4286,十一、核心动词、形容词、连词与高频成语,mới đây,最近
4287,十一、核心动词、形容词、连词与高频成语,quần thể,群体
4288,十一、核心动词、形容词、连词与高频成语,mã ng đá,石笋
4289,十一、核心动词、形容词、连词与高频成语,nh ũđ á,钟乳石
4290,十一、核心动词、形容词、连词与高频成语,trang trại,农庄
4291,十一、核心动词、形容词、连词与高频成语,chođến nay,至今
4292,十一、核心动词、形容词、连词与高频成语,điểm nổi bật,亮点
4293,十一、核心动词、形容词、连词与高频成语,mô tả,描写/描述
4294,十一、核心动词、形容词、连词与高频成语,mạch máu,命脉
4295,十一、核心动词、形容词、连词与高频成语,kỳ diệu,奇妙/神奇
4296,十一、核心动词、形容词、连词与高频成语,tuyệt đẹp magn,绝美
4297,十一、核心动词、形容词、连词与高频成语,hang Sơ n Đoòng S,韩松洞
4298,十一、核心动词、形容词、连词与高频成语,chịu ảnh hưởng ...,受 … 影响
4299,十一、核心动词、形容词、连词与高频成语,vũ trụ,宇宙 2/3/2 D TESTS FOR VIETNAMESE PROFICIENCY
4300,十一、核心动词、形容词、连词与高频成语,phổ biến,普遍
4301,十一、核心动词、形容词、连词与高频成语,dành cho,给
4302,十一、核心动词、形容词、连词与高频成语,hoa mai,梅花
4303,十一、核心动词、形容词、连词与高频成语,nu,花蕾
4304,十一、核心动词、形容词、连词与高频成语,lộc,嫩芽
4305,十一、核心动词、形容词、连词与高频成语,hoa đà o,桃花
4306,十一、核心动词、形容词、连词与高频成语,được chơi,能
4307,十一、核心动词、形容词、连词与高频成语,mù ng 10,初十
4308,十一、核心动词、形容词、连词与高频成语,lá non,嫩叶
4309,十一、核心动词、形容词、连词与高频成语,đem đến,带来
4310,十一、核心动词、形容词、连词与高频成语,biến cố,变故
4311,十一、核心动词、形容词、连词与高频成语,cảm nhận,感受
4312,十一、核心动词、形容词、连词与高频成语,ấy,那
4313,十一、核心动词、形容词、连词与高频成语,vẫn luôn still,一直
4314,十一、核心动词、形容词、连词与高频成语,hãy cho biết,请说说
4315,十一、核心动词、形容词、连词与高频成语,những tác động,影响
4316,十一、核心动词、形容词、连词与高频成语,rộng rãi,宽敞
4317,十一、核心动词、形容词、连词与高频成语,ngôi trường,学校
4318,十一、核心动词、形容词、连词与高频成语,hơn cả more than,最
4319,十一、核心动词、形容词、连词与高频成语,thích …… nhất … like… t,最喜欢
4320,十一、核心动词、形容词、连词与高频成语,nghỉ học,请假
4321,十一、核心动词、形容词、连词与高频成语,không... đâu,不 …
4322,十一、核心动词、形容词、连词与高频成语,không nên,不应该
4323,十一、核心动词、形容词、连词与高频成语,ôn tập,复习
4324,十一、核心动词、形容词、连词与高频成语,ngữ ph áp,语法
4325,十一、核心动词、形容词、连词与高频成语,làm bài,做题
4326,十一、核心动词、形容词、连词与高频成语,khó quá,太难
4327,十一、核心动词、形容词、连词与高频成语,được đi học,能上学
4328,十一、核心动词、形容词、连词与高频成语,có ……đâu donot,不…
4329,十一、核心动词、形容词、连词与高频成语,điều gì wh,什么
4330,十一、核心动词、形容词、连词与高频成语,tỉnh táo,惊醒
4331,十一、核心动词、形容词、连词与高频成语,nghĩ là,认为
4332,十一、核心动词、形容词、连词与高频成语,bị đi ê,疯了
4333,十一、核心动词、形容词、连词与高频成语,tư thế,姿势
4334,十一、核心动词、形容词、连词与高频成语,đốt cháy,燃烧
4335,十一、核心动词、形容词、连词与高频成语,tí ch cực,积极
4336,十一、核心动词、形容词、连词与高频成语,nh ìn,看
4337,十一、核心动词、形容词、连词与高频成语,ngồi vào mâm,坐上桌
4338,十一、核心动词、形容词、连词与高频成语,những vấ n đề,问题
4339,十一、核心动词、形容词、连词与高频成语,đến thăm,来看望
4340,十一、核心动词、形容词、连词与高频成语,báocáo,报告
4341,十一、核心动词、形容词、连词与高频成语,làm báo cáo,写报告
4342,十一、核心动词、形容词、连词与高频成语,x ác định,确定
4343,十一、核心动词、形容词、连词与高频成语,biến tướng,扭曲
4344,十一、核心动词、形容词、连词与高频成语,hoạt động vă n hó,祭祀文化活动
4345,十一、核心动词、形容词、连词与高频成语,gi áo lý,教义
4346,十一、核心动词、形容词、连词与高频成语,đề cao,提高
4347,十一、核心动词、形容词、连词与高频成语,nhà Phật Budd,佛教
4348,十一、核心动词、形容词、连词与高频成语,hoạt động tâm,祭祀文化活动
4349,十一、核心动词、形容词、连词与高频成语,làm theo,因……而做
4350,十一、核心动词、形容词、连词与高频成语,thừa hưởng,遗传
4351,十一、核心动词、形容词、连词与高频成语,bắt nguồn,来源
4352,十一、核心动词、形容词、连词与高频成语,di truyền,遗传
4353,十一、核心动词、形容词、连词与高频成语,Google,谷歌
4354,十一、核心动词、形容词、连词与高频成语,có nghĩa là,意思是
4355,十一、核心动词、形容词、连词与高频成语,quyền lực mềm,软权力
4356,十一、核心动词、形容词、连词与高频成语,massage Thái Thail,泰式按摩
4357,十一、核心动词、形容词、连词与高频成语,linh hoạt,灵活
4358,十一、核心动词、形容词、连词与高频成语,bình chọn,评选
4359,十一、核心动词、形容词、连词与高频成语,Telegraph,( 报刊名称 )
4360,十一、核心动词、形容词、连词与高频成语,hình thành,形成
4361,十一、核心动词、形容词、连词与高频成语,các hoạt động,各类活动
4362,十一、核心动词、形容词、连词与高频成语,bức tranh,画
4363,十一、核心动词、形容词、连词与高频成语,cần làm gì,要做什么
4364,十一、核心动词、形容词、连词与高频成语,một thó i quen lành mạnh,好习惯
4365,十一、核心动词、形容词、连词与高频成语,mong muốn,希望
4366,十一、核心动词、形容词、连词与高频成语,tại đây,在这
4367,十一、核心动词、形容词、连词与高频成语,như sau,如下
4368,十一、核心动词、形容词、连词与高频成语,câu thành ngữ,成语
4369,十一、核心动词、形容词、连词与高频成语,thời gian đầu,起初
4370,十一、核心动词、形容词、连词与高频成语,việc đi học attendance,上学
4371,十一、核心动词、形容词、连词与高频成语,bên tay phải on,右边
4372,十一、核心动词、形容词、连词与高频成语,bên tay trái on,左边
4373,十一、核心动词、形容词、连词与高频成语,kê,摆
4374,十一、核心动词、形容词、连词与高频成语,bình hoa,花瓶
4375,十一、核心动词、形容词、连词与高频成语,xinh xinh,漂漂亮亮的
4376,十一、核心动词、形容词、连词与高频成语,tấm thảm,毯子
4377,十一、核心动词、形容词、连词与高频成语,bộ bàn ghế,桌椅
4378,十一、核心动词、形容词、连词与高频成语,phía bên phải on,右边
4379,十一、核心动词、形容词、连词与高频成语,góc tường,墙角
4380,十一、核心动词、形容词、连词与高频成语,xếp,摆放
4381,十一、核心动词、形容词、连词与高频成语,ngăn kéo,抽屉
4382,十一、核心动词、形容词、连词与高频成语,làm cho,让
4383,十一、核心动词、形容词、连词与高频成语,nằm sát,靠近
4384,十一、核心动词、形容词、连词与高频成语,bà iđọc,课文
4385,十一、核心动词、形容词、连词与高频成语,mi êu tả,描写
4386,十一、核心动词、形容词、连词与高频成语,ngày xưa,很久以前
4387,十一、核心动词、形容词、连词与高频成语,mào,鸡冠
4388,十一、核心动词、形容词、连词与高频成语,rực rỡ,灿烂
4389,十一、核心动词、形容词、连词与高频成语,cái mào,鸡冠
4390,十一、核心动词、形容词、连词与高频成语,gà Má i Mơ,草鸡
4391,十一、核心动词、形容词、连词与高频成语,của mình,自己的
4392,十一、核心动词、形容词、连词与高频成语,một chùm hoa,一株花
4393,十一、核心动词、形容词、连词与高频成语,xuýt xoa,啧啧
4394,十一、核心动词、形容词、连词与高频成语,xinh xán,美丽
4395,十一、核心动词、形容词、连词与高频成语,kiếm,寻找
4396,十一、核心动词、形容词、连词与高频成语,chớp chớp,眨眨
4397,十一、核心动词、形容词、连词与高频成语,bỗng,忽然
4398,十一、核心动词、形容词、连词与高频成语,bối rối,为难
4399,十一、核心动词、形容词、连词与高频成语,đi tung tăng,翩跹
4400,十一、核心动词、形容词、连词与高频成语,tiếng khóc ti ti,哭声
4401,十一、核心动词、形容词、连词与高频成语,lắng tai nghe,倾听
4402,十一、核心动词、形容词、连词与高频成语,tấm tức khóc,委屈的哭
4403,十一、核心动词、形容词、连词与高频成语,vội vàng,匆忙
4404,十一、核心动词、形容词、连词与高频成语,sụt sịt,抽泣
4405,十一、核心动词、形容词、连词与高频成语,thánh thót,噗噜噜
4406,十一、核心动词、形容词、连词与高频成语,nín,停止哭泣
4407,十一、核心动词、形容词、连词与高频成语,bông hoa,花朵
4408,十一、核心动词、形容词、连词与高频成语,đg. + thế,这么…
4409,十一、核心动词、形容词、连词与高频成语,khẽ hỏi,悄悄的问
4410,十一、核心动词、形容词、连词与高频成语,giọt nước mắt,泪珠
4411,十一、核心动词、形容词、连词与高频成语,hạt sương,露珠
4412,十一、核心动词、形容词、连词与高频成语,đến … cũng…,连 … 都
4413,十一、核心动词、形容词、连词与高频成语,thế mà …,而/ 然而
4414,十一、核心动词、形容词、连词与高频成语,nói dứt câu,刚说完
4415,十一、核心动词、形容词、连词与高频成语,rơi xuống,落下
4416,十一、核心动词、形容词、连词与高频成语,hỏi dồn,追问
4417,十一、核心动词、形容词、连词与高频成语,thật ư,是吗
4418,十一、核心动词、形容词、连词与高频成语,thật chứ,真的啊
4419,十一、核心动词、形容词、连词与高频成语,xin cảm ơn,谢谢
4420,十一、核心动词、形容词、连词与高频成语,đẹp đẽ,美丽
4421,十一、核心动词、形容词、连词与高频成语,cò n,而
4422,十一、核心动词、形容词、连词与高频成语,y hệt,一模一样
4423,十一、核心动词、形容词、连词与高频成语,cái thân cây trunk,树干
4424,十一、核心动词、形容词、连词与高频成语,một chùm,一株花
4425,十一、核心动词、形容词、连词与高频成语,cái cây,树
4426,十一、核心动词、形容词、连词与高频成语,nhuộm,染
4427,十一、核心动词、形容词、连词与高频成语,khe khẽ,轻轻的
4428,十一、核心动词、形容词、连词与高频成语,tá m tắc,啧啧
4429,十一、核心动词、形容词、连词与高频成语,khen ngợi,称赞
4430,十一、核心动词、形容词、连词与高频成语,ch úc,祝
4431,十一、核心动词、形容词、连词与高频成语,tuyệt đẹp,绝美
4432,十一、核心动词、形容词、连词与高频成语,ai cũng,谁都
4433,十一、核心动词、形容词、连词与高频成语,sinh r,变成
4434,十一、核心动词、形容词、连词与高频成语,bông hoa ấy,那朵花
4435,十一、核心动词、形容词、连词与高频成语,kh óc,哭
4436,十一、核心动词、形容词、连词与高频成语,chân thành,真诚
4437,十一、核心动词、形容词、连词与高频成语,4 (bốn),四
4438,十一、核心动词、形容词、连词与高频成语,sum họp,团聚
4439,十一、核心动词、形容词、连词与高频成语,điền từ,填词
4440,十一、核心动词、形容词、连词与高频成语,không ... lắm,不太
4441,十一、核心动词、形容词、连词与高频成语,hết,没了/完了
4442,十一、核心动词、形容词、连词与高频成语,tất cả mọi thứ,一切
4443,十一、核心动词、形容词、连词与高频成语,nhỉ,呢 (表示委婉)
4444,十一、核心动词、形容词、连词与高频成语,di tích,遗迹
4445,十一、核心动词、形容词、连词与高频成语,lãng mạn,浪漫
4446,十一、核心动词、形容词、连词与高频成语,nguồn cảm hứng,灵感源泉
4447,十一、核心动词、形容词、连词与高频成语,nghi lễ,仪式
4448,十一、核心动词、形容词、连词与高频成语,thể hiện,表示
4449,十一、核心动词、形容词、连词与高频成语,lễ chạm ngõ,问名礼仪
4450,十一、核心动词、形容词、连词与高频成语,lễ ăn hỏi,纳征礼
4451,十一、核心动词、形容词、连词与高频成语,xin,请求
4452,十一、核心动词、形容词、连词与高频成语,âm u,阴沉
4453,十一、核心动词、形容词、连词与高频成语,bóng rổ,篮球
4454,十一、核心动词、形容词、连词与高频成语,lớp,班
4455,十一、核心动词、形容词、连词与高频成语,luyện tập,锻炼
4456,十一、核心动词、形容词、连词与高频成语,tập,练习
4457,十一、核心动词、形容词、连词与高频成语,GYM gymnastics,健身
4458,十一、核心动词、形容词、连词与高频成语,tú tài,秀才
4459,十一、核心动词、形容词、连词与高频成语,làm báo,写新闻
4460,十一、核心动词、形容词、连词与高频成语,nghèo,穷
4461,十一、核心动词、形容词、连词与高频成语,internet,互联网
4462,十一、核心动词、形容词、连词与高频成语,rảnh rỗi,空闲
4463,十一、核心动词、形容词、连词与高频成语,gây hại cho,对 … 有害
4464,十一、核心动词、形容词、连词与高频成语,chất kích thích,兴奋剂
4465,十一、核心动词、形容词、连词与高频成语,giải phóng,释放
4466,十一、核心动词、形容词、连词与高频成语,cacbonic,二氧化碳
4467,十一、核心动词、形容词、连词与高频成语,cacbondioxit,二氧化碳
4468,十一、核心动词、形容词、连词与高频成语,nguồn năng lượng enegy,能源
4469,十一、核心动词、形容词、连词与高频成语,hình,图
4470,十一、核心动词、形容词、连词与高频成语,thể loại,类型
4471,十一、核心动词、形容词、连词与高频成语,việc lự,这些选择
4472,十一、核心动词、形容词、连词与高频成语,xu hướng,趋向
4473,十一、核心动词、形容词、连词与高频成语,những người yêu thích,爱好者
4474,十一、核心动词、形容词、连词与高频成语,thu hút được,吸引了
4475,十一、核心动词、形容词、连词与高频成语,việc quay p,摄像
4476,十一、核心动词、形容词、连词与高频成语,lên kế hoạch ve,做计划
4477,十一、核心动词、形容词、连词与高频成语,lạ mắt,奇特/奇异
4478,十一、核心动词、形容词、连词与高频成语,đặt chân đến set foot,踏上
4479,十一、核心动词、形容词、连词与高频成语,lạc vào,迷失于
4480,十一、核心动词、形容词、连词与高频成语,đi sâu vào,深入
4481,十一、核心动词、形容词、连词与高频成语,Hang Múa,舞蹈洞
4482,十一、核心动词、形容词、连词与高频成语,mãn nguyện,满意
4483,十一、核心动词、形容词、连词与高频成语,trùng điệp,连绵起伏
4484,十一、核心动词、形容词、连词与高频成语,vẻ đẹp,…之美
4485,十一、核心动词、形容词、连词与高频成语,hiểu sâu hơn deeply,深入了解
4486,十一、核心动词、形容词、连词与高频成语,top 10,前10
4487,十一、核心动词、形容词、连词与高频成语,đứng ở vị trí,位于
4488,十一、核心动词、形容词、连词与高频成语,video,视频
4489,十一、核心动词、形容词、连词与高频成语,cập nhật,更新
4490,十一、核心动词、形容词、连词与高频成语,áp đảo,压倒
4491,十一、核心动词、形容词、连词与高频成语,sự lự,选择
4492,十一、核心动词、形容词、连词与高频成语,bỏ xa,遥遥领先于
4493,十一、核心动词、形容词、连词与高频成语,tranh cãi,争论
4494,十一、核心动词、形容词、连词与高频成语,đường hô hấp,呼吸系统
4495,十一、核心动词、形容词、连词与高频成语,bệnh ung thư vú,乳腺癌 / 乳腺癌
4496,十一、核心动词、形容词、连词与高频成语,khói bụi,烟尘
4497,十一、核心动词、形容词、连词与高频成语,chặt phá rừng,砍伐树木
4498,十一、核心动词、形容词、连词与高频成语,niken,镍
4499,十一、核心动词、形容词、连词与高频成语,chẳng hạn như ‘,比如
4500,十一、核心动词、形容词、连词与高频成语,năng lượng,能源
4501,十一、核心动词、形容词、连词与高频成语,năng lượng hó,化石能源
4502,十一、核心动词、形容词、连词与高频成语,ý thức,意识
4503,十一、核心动词、形容词、连词与高频成语,nhỏ nhặt,琐碎
4504,十一、核心动词、形容词、连词与高频成语,dâng lên,供奉
4505,十一、核心动词、形容词、连词与高频成语,trang trọng,肃穆
4506,十一、核心动词、形容词、连词与高频成语,nhau,互相
4507,十一、核心动词、形容词、连词与高频成语,mong,希望
4508,十一、核心动词、形容词、连词与高频成语,những lời chúc,祝福
4509,十一、核心动词、形容词、连词与高频成语,cấp bậc,级别
4510,十一、核心动词、形容词、连词与高频成语,chi tiết,仔细
4511,十一、核心动词、形容词、连词与高频成语,thân gửi,敬启者
4512,十一、核心动词、形容词、连词与高频成语,đính kèm,附带
4513,十一、核心动词、形容词、连词与高频成语,biểu đồ,图表
4514,十一、核心动词、形容词、连词与高频成语,lực lượng,劳动力
4515,十一、核心动词、形容词、连词与高频成语,trở lên,以上
4516,十二、常用口语短句（高频）,"chào, bạn khỏe không?",你好，你身体好吗？
4517,十二、常用口语短句（高频）,chào buổi chiều,下午好
4518,十二、常用口语短句（高频）,chúc ngủ ngon,晚安
4519,十二、常用口语短句（高频）,dạo này thế nào?,最近怎么样？
4520,十二、常用口语短句（高频）,chuyện gì vậy?,怎么了？什么事？
4521,十二、常用口语短句（高频）,rất vui được gặp bạn,很高兴见到你
4522,十二、常用口语短句（高频）,gặp lại sau nhé,回头见
4523,十二、常用口语短句（高频）,hẹn gặp lại ngày mai,明天见
4524,十二、常用口语短句（高频）,cảm ơn rất nhiều,非常感谢
4525,十二、常用口语短句（高频）,làm ơn,拜托；请
4526,十二、常用口语短句（高频）,cho tôi qua,借过一下
4527,十二、常用口语短句（高频）,bao nhiêu tiền?,多少钱？
4528,十二、常用口语短句（高频）,nó ở đâu?,它在哪儿？
4529,十二、常用口语短句（高频）,tôi không hiểu,我不明白
4530,十二、常用口语短句（高频）,bạn có thể giúp tôi không?,你能帮我吗？
4531,十二、常用口语短句（高频）,mấy giờ rồi?,现在几点了？
4532,十二、常用口语短句（高频）,tôi không biết,我不知道
4533,十二、常用口语短句（高频）,tôi đói,我饿了
4534,十二、常用口语短句（高频）,tôi khát,我渴了
4535,十二、常用口语短句（高频）,tôi buồn ngủ,我困了
4536,十二、常用口语短句（高频）,tôi mệt,我累了
4537,十二、常用口语短句（高频）,tôi thích nó,我喜欢它
4538,十二、常用口语短句（高频）,tôi không thích nó,我不喜欢它
4539,十二、常用口语短句（高频）,bạn đang làm gì?,你在做什么？
4540,十二、常用口语短句（高频）,tôi về nhà,我回家
4541,十二、常用口语短句（高频）,bạn đã nói gì?,你刚才说什么？
4542,十二、常用口语短句（高频）,nói như thế nào?,怎么说？
4543,十二、常用口语短句（高频）,được rồi,好的；行
4544,十二、常用口语短句（高频）,không sao đâu,没关系；没事
4545,十二、常用口语短句（高频）,đi thôi,走吧
4546,十二、常用口语短句（高频）,bảo trọng nhé,保重
4547,十二、常用口语短句（高频）,chúc mừng,恭喜；祝贺
4548,十二、常用口语短句（高频）,chào mừng,欢迎
4549,十二、常用口语短句（高频）,tôi có thể giúp bạn không?,我能帮你吗？
4550,十二、常用口语短句（高频）,trời nóng quá,天太热了
4551,十二、常用口语短句（高频）,trời lạnh quá,天太冷了
4552,十二、常用口语短句（高频）,chúc mừng sinh nhật,生日快乐
4553,十二、常用口语短句（高频）,chúc may mắn,祝你好运
4554,十二、常用口语短句（高频）,hẹn gặp lại sớm nhé,期待很快再见
4555,十二、常用口语短句（高频）,tôi đồng ý,我同意
4556,十二、常用口语短句（高频）,tôi không chắc,我不确定
4557,十二、常用口语短句（高频）,rõ ràng là vậy,显然是这样
4558,十二、常用口语短句（高频）,chỉ là trò đùa thôi,只是开个玩笑
4559,十二、常用口语短句（高频）,tôi đang vội,我正在赶时间
4560,十二、常用口语短句（高频）,hãy cẩn thận,请小心
4561,十二、常用口语短句（高频）,đừng lo,别担心
4562,十二、常用口语短句（高频）,nó thế nào?,它怎么样？
4563,十二、常用口语短句（高频）,bạn nghĩ sao?,你觉得怎么样？
4564,十二、常用口语短句（高频）,nói cho tôi biết thêm đi,再多告诉我一些吧
4565,十二、常用口语短句（高频）,không thể nào,不可能
4566,十二、常用口语短句（高频）,lâu lắm rồi,很久以前
4567,十二、常用口语短句（高频）,hẹn gặp lại sau,以后再约
4568,十二、常用口语短句（高频）,không thể tin được,难以置信
4569,十二、常用口语短句（高频）,ngạc nhiên thật đấy,真让人惊讶
4570,十二、常用口语短句（高频）,không vấn đề gì,没问题
4571,十二、常用口语短句（高频）,tôi không quan tâm,我不在意
4572,十二、常用口语短句（高频）,hy vọng là vậy,希望如此
4573,十二、常用口语短句（高频）,không đời nào,绝不可能
4574,十二、常用口语短句（高频）,có gì mới không?,有什么新鲜事吗？
4575,十二、常用口语短句（高频）,tuỳ bạn,随你
4576,十二、常用口语短句（高频）,tuỳ tình huống,看情况
4577,十二、常用口语短句（高频）,thật đáng tiếc,真可惜
4578,十二、常用口语短句（高频）,thật xui xẻo,真倒霉
4579,十二、常用口语短句（高频）,thật không thể tin được,真是太不可思议了
4580,十二、常用口语短句（高频）,tôi không thể chờ được,我等不及了
4581,十二、常用口语短句（高频）,tôi cười chết mất,笑死我了
4582,十二、常用口语短句（高频）,ý tưởng hay đấy,好主意
4583,十二、常用口语短句（高频）,ngon quá,太好吃了
4584,十二、常用口语短句（高频）,điều này là cần thiết,这是必要的
4585,十二、常用口语短句（高频）,cuộc sống là thế đấy,生活就是这样
4586,十二、常用口语短句（高频）,đẹp quá,太漂亮了
4587,十二、常用口语短句（高频）,may mắn thật,真幸运
4588,十二、常用口语短句（高频）,xui xẻo thật,真倒霉
4589,十二、常用口语短句（高频）,tôi không muốn,我不想
4590,十二、常用口语短句（高频）,thế là đủ rồi,够了
4591,十二、常用口语短句（高频）,bình tĩnh nào,冷静点
4592,十二、常用口语短句（高频）,thật xấu hổ!,真难为情！
4593,十二、常用口语短句（高频）,bạn làm tôi phát điên,你让我抓狂
4594,十二、常用口语短句（高频）,bạn hứa với tôi chứ?,你答应我吗？
4595,十二、常用口语短句（高频）,phòng khi cần,以防万一
4596,十二、常用口语短句（高频）,trời đang mưa,正在下雨
4597,十二、常用口语短句（高频）,hãy xem nào,来看看吧
4598,十二、常用口语短句（高频）,tôi có một câu hỏi,我有一个问题
4599,十二、常用口语短句（高频）,chán quá,太无聊了
4600,十二、常用口语短句（高频）,hồi hộp quá,太紧张了；好激动
4601,十二、常用口语短句（高频）,chị ấy tên là,她名字是
4602,十二、常用口语短句（高频）,cô ấy tên là,她名字是
4603,十二、常用口语短句（高频）,nhé,吧
4604,十二、常用口语短句（高频）,thế nào,怎么样
4605,十二、常用口语短句（高频）,cách đây lâu chưa,距今多久了?
4606,十二、常用口语短句（高频）,hãy cho tôi biết,望你讲给我听
4607,十二、常用口语短句（高频）,vợ tôi my w,我老婆
4608,十二、常用口语短句（高频）,em ấy he/ she,她
4609,十二、常用口语短句（高频）,được không,好吗/行吗
4610,十二、常用口语短句（高频）,không saođâu/không sao,没什么/没关系
4611,十二、常用口语短句（高频）,Em cứ ăn thoải mái đi Make yourself,你随便吃吧
4612,十二、常用口语短句（高频）,như thế nào,怎么样
4613,十二、常用口语短句（高频）,bị làm sao,怎么了
4614,十二、常用口语短句（高频）,những người con của họ,他们的孩子
4615,十二、常用口语短句（高频）,nên... không,应该 … 吗?
4616,十二、常用口语短句（高频）,để có những hành động,为了做出行为
4617,十二、常用口语短句（高频）,nỗi đau này không thuộc về bạn,这个伤痛不属于你
4618,十二、常用口语短句（高频）,làm sao thế,怎么了
4619,十二、常用口语短句（高频）,làm bạn phiền lò ng,让你难过
4620,十二、常用口语短句（高频）,chỉ mỗi mình tôi,只有我一个人
4621,十二、常用口语短句（高频）,lớp đại học củ,我们班
